"filename", "language", "Properties", "JSON", "JavaScript", "HTML", "CSS", "Markdown", "SCSS", "comment", "blank", "total"
"/home/roman/Desktop/P.Magazzino-main/.env", "Properties", 4, 0, 0, 0, 0, 0, 0, 0, 3, 7
"/home/roman/Desktop/P.Magazzino-main/.eslintrc.json", "JSON", 0, 15, 0, 0, 0, 0, 0, 0, 0, 15
"/home/roman/Desktop/P.Magazzino-main/app.js", "JavaScript", 0, 0, 156, 0, 0, 0, 0, 12, 27, 195
"/home/roman/Desktop/P.Magazzino-main/config/config.json", "JSON", 0, 26, 0, 0, 0, 0, 0, 0, 0, 26
"/home/roman/Desktop/P.Magazzino-main/config/defaults.json", "JSON", 0, 5, 0, 0, 0, 0, 0, 0, 0, 5
"/home/roman/Desktop/P.Magazzino-main/middleware/index.js", "JavaScript", 0, 0, 58, 0, 0, 0, 0, 1, 9, 68
"/home/roman/Desktop/P.Magazzino-main/models/codicifissi.js", "JavaScript", 0, 0, 17, 0, 0, 0, 0, 0, 5, 22
"/home/roman/Desktop/P.Magazzino-main/models/magazzino/armadio.js", "JavaScript", 0, 0, 27, 0, 0, 0, 0, 0, 2, 29
"/home/roman/Desktop/P.Magazzino-main/models/magazzino/magazzinieri.js", "JavaScript", 0, 0, 0, 0, 0, 0, 0, 0, 1, 1
"/home/roman/Desktop/P.Magazzino-main/models/magazzino/magazzino.js", "JavaScript", 0, 0, 15, 0, 0, 0, 0, 0, 2, 17
"/home/roman/Desktop/P.Magazzino-main/models/mail.js", "JavaScript", 0, 0, 18, 0, 0, 0, 0, 0, 2, 20
"/home/roman/Desktop/P.Magazzino-main/models/mard.js", "JavaScript", 0, 0, 8, 0, 0, 0, 0, 0, 3, 11
"/home/roman/Desktop/P.Magazzino-main/models/movimenti.js", "JavaScript", 0, 0, 31, 0, 0, 0, 0, 0, 3, 34
"/home/roman/Desktop/P.Magazzino-main/models/richieste.js", "JavaScript", 0, 0, 61, 0, 0, 0, 0, 8, 3, 72
"/home/roman/Desktop/P.Magazzino-main/models/sap.js", "JavaScript", 0, 0, 23, 0, 0, 0, 0, 1, 2, 26
"/home/roman/Desktop/P.Magazzino-main/models/ubicazione.js", "JavaScript", 0, 0, 84, 0, 0, 0, 0, 4, 3, 91
"/home/roman/Desktop/P.Magazzino-main/models/user.js", "JavaScript", 0, 0, 35, 0, 0, 0, 0, 0, 6, 41
"/home/roman/Desktop/P.Magazzino-main/models/zmat.js", "JavaScript", 0, 0, 14, 0, 0, 0, 0, 1, 2, 17
"/home/roman/Desktop/P.Magazzino-main/package-lock.json", "JSON", 0, 4906, 0, 0, 0, 0, 0, 0, 1, 4907
"/home/roman/Desktop/P.Magazzino-main/package.json", "JSON", 0, 44, 0, 0, 0, 0, 0, 0, 1, 45
"/home/roman/Desktop/P.Magazzino-main/public/css/cdn/bootstrap-toggle.min.css", "CSS", 0, 0, 0, 0, 98, 0, 0, 7, 20, 125
"/home/roman/Desktop/P.Magazzino-main/public/css/cdn/bootstrap.min.css", "CSS", 0, 0, 0, 0, 3, 0, 0, 10, 1, 14
"/home/roman/Desktop/P.Magazzino-main/public/css/cdn/bootstrap/css/bootstrap-grid.css", "CSS", 0, 0, 0, 0, 1940, 0, 0, 7, 103, 2050
"/home/roman/Desktop/P.Magazzino-main/public/css/cdn/bootstrap/css/bootstrap-grid.min.css", "CSS", 0, 0, 0, 0, 1, 0, 0, 6, 0, 7
"/home/roman/Desktop/P.Magazzino-main/public/css/cdn/bootstrap/css/bootstrap-reboot.css", "CSS", 0, 0, 0, 0, 266, 0, 0, 8, 56, 330
"/home/roman/Desktop/P.Magazzino-main/public/css/cdn/bootstrap/css/bootstrap-reboot.min.css", "CSS", 0, 0, 0, 0, 1, 0, 0, 7, 0, 8
"/home/roman/Desktop/P.Magazzino-main/public/css/cdn/bootstrap/css/bootstrap.css", "CSS", 0, 0, 0, 0, 7936, 0, 0, 7, 1032, 8975
"/home/roman/Desktop/P.Magazzino-main/public/css/cdn/bootstrap/css/bootstrap.min.css", "CSS", 0, 0, 0, 0, 1, 0, 0, 6, 0, 7
"/home/roman/Desktop/P.Magazzino-main/public/css/cdn/buttons.dataTables.min.css", "CSS", 0, 0, 0, 0, 1, 0, 0, 0, 1, 2
"/home/roman/Desktop/P.Magazzino-main/public/css/cdn/daterangepicker.css", "CSS", 0, 0, 0, 0, 337, 0, 0, 1, 73, 411
"/home/roman/Desktop/P.Magazzino-main/public/css/cdn/fontawesome.css", "CSS", 0, 0, 0, 0, 1, 0, 0, 3, 0, 4
"/home/roman/Desktop/P.Magazzino-main/public/css/cdn/jquery.dataTables.css", "CSS", 0, 0, 0, 0, 415, 0, 0, 30, 4, 449
"/home/roman/Desktop/P.Magazzino-main/public/css/cdn/responsive.dataTables.min.css", "CSS", 0, 0, 0, 0, 1, 0, 0, 0, 1, 2
"/home/roman/Desktop/P.Magazzino-main/public/css/personale/loadingscreen.css", "CSS", 0, 0, 0, 0, 19, 0, 0, 0, 2, 21
"/home/roman/Desktop/P.Magazzino-main/public/css/pulsingqualityalert.css", "CSS", 0, 0, 0, 0, 10, 0, 0, 1, 10, 21
"/home/roman/Desktop/P.Magazzino-main/public/logs/.3202ca1b81f97d7dec3197551adb5c255faff4a0-audit.json", "JSON", 0, 14, 0, 0, 0, 0, 0, 0, 0, 14
"/home/roman/Desktop/P.Magazzino-main/public/scripts/cdn/DataTables/AutoFill-2.3.4/css/autoFill.bootstrap.css", "CSS", 0, 0, 0, 0, 86, 0, 0, 0, 6, 92
"/home/roman/Desktop/P.Magazzino-main/public/scripts/cdn/DataTables/AutoFill-2.3.4/css/autoFill.bootstrap.min.css", "CSS", 0, 0, 0, 0, 1, 0, 0, 0, 1, 2
"/home/roman/Desktop/P.Magazzino-main/public/scripts/cdn/DataTables/AutoFill-2.3.4/css/autoFill.bootstrap4.css", "CSS", 0, 0, 0, 0, 86, 0, 0, 0, 6, 92
"/home/roman/Desktop/P.Magazzino-main/public/scripts/cdn/DataTables/AutoFill-2.3.4/css/autoFill.bootstrap4.min.css", "CSS", 0, 0, 0, 0, 1, 0, 0, 0, 1, 2
"/home/roman/Desktop/P.Magazzino-main/public/scripts/cdn/DataTables/AutoFill-2.3.4/css/autoFill.dataTables.css", "CSS", 0, 0, 0, 0, 92, 0, 0, 0, 5, 97
"/home/roman/Desktop/P.Magazzino-main/public/scripts/cdn/DataTables/AutoFill-2.3.4/css/autoFill.dataTables.min.css", "CSS", 0, 0, 0, 0, 1, 0, 0, 0, 1, 2
"/home/roman/Desktop/P.Magazzino-main/public/scripts/cdn/DataTables/AutoFill-2.3.4/css/autoFill.foundation.css", "CSS", 0, 0, 0, 0, 84, 0, 0, 0, 6, 90
"/home/roman/Desktop/P.Magazzino-main/public/scripts/cdn/DataTables/AutoFill-2.3.4/css/autoFill.foundation.min.css", "CSS", 0, 0, 0, 0, 1, 0, 0, 0, 1, 2
"/home/roman/Desktop/P.Magazzino-main/public/scripts/cdn/DataTables/AutoFill-2.3.4/css/autoFill.jqueryui.css", "CSS", 0, 0, 0, 0, 84, 0, 0, 0, 6, 90
"/home/roman/Desktop/P.Magazzino-main/public/scripts/cdn/DataTables/AutoFill-2.3.4/css/autoFill.jqueryui.min.css", "CSS", 0, 0, 0, 0, 1, 0, 0, 0, 1, 2
"/home/roman/Desktop/P.Magazzino-main/public/scripts/cdn/DataTables/AutoFill-2.3.4/css/autoFill.semanticui.css", "CSS", 0, 0, 0, 0, 81, 0, 0, 0, 5, 86
"/home/roman/Desktop/P.Magazzino-main/public/scripts/cdn/DataTables/AutoFill-2.3.4/css/autoFill.semanticui.min.css", "CSS", 0, 0, 0, 0, 1, 0, 0, 0, 1, 2
"/home/roman/Desktop/P.Magazzino-main/public/scripts/cdn/DataTables/AutoFill-2.3.4/js/autoFill.bootstrap.js", "JavaScript", 0, 0, 29, 0, 0, 0, 0, 6, 8, 43
"/home/roman/Desktop/P.Magazzino-main/public/scripts/cdn/DataTables/AutoFill-2.3.4/js/autoFill.bootstrap.min.js", "JavaScript", 0, 0, 1, 0, 0, 0, 0, 4, 1, 6
"/home/roman/Desktop/P.Magazzino-main/public/scripts/cdn/DataTables/AutoFill-2.3.4/js/autoFill.bootstrap4.js", "JavaScript", 0, 0, 29, 0, 0, 0, 0, 6, 8, 43
"/home/roman/Desktop/P.Magazzino-main/public/scripts/cdn/DataTables/AutoFill-2.3.4/js/autoFill.bootstrap4.min.js", "JavaScript", 0, 0, 1, 0, 0, 0, 0, 4, 1, 6
"/home/roman/Desktop/P.Magazzino-main/public/scripts/cdn/DataTables/AutoFill-2.3.4/js/autoFill.foundation.js", "JavaScript", 0, 0, 29, 0, 0, 0, 0, 6, 8, 43
"/home/roman/Desktop/P.Magazzino-main/public/scripts/cdn/DataTables/AutoFill-2.3.4/js/autoFill.foundation.min.js", "JavaScript", 0, 0, 1, 0, 0, 0, 0, 4, 1, 6
"/home/roman/Desktop/P.Magazzino-main/public/scripts/cdn/DataTables/AutoFill-2.3.4/js/autoFill.jqueryui.js", "JavaScript", 0, 0, 29, 0, 0, 0, 0, 6, 9, 44
"/home/roman/Desktop/P.Magazzino-main/public/scripts/cdn/DataTables/AutoFill-2.3.4/js/autoFill.jqueryui.min.js", "JavaScript", 0, 0, 2, 0, 0, 0, 0, 4, 1, 7
"/home/roman/Desktop/P.Magazzino-main/public/scripts/cdn/DataTables/AutoFill-2.3.4/js/autoFill.semanticui.js", "JavaScript", 0, 0, 29, 0, 0, 0, 0, 6, 8, 43
"/home/roman/Desktop/P.Magazzino-main/public/scripts/cdn/DataTables/AutoFill-2.3.4/js/autoFill.semanticui.min.js", "JavaScript", 0, 0, 1, 0, 0, 0, 0, 4, 1, 6
"/home/roman/Desktop/P.Magazzino-main/public/scripts/cdn/DataTables/AutoFill-2.3.4/js/dataTables.autoFill.js", "JavaScript", 0, 0, 717, 0, 0, 0, 0, 285, 211, 1213
"/home/roman/Desktop/P.Magazzino-main/public/scripts/cdn/DataTables/AutoFill-2.3.4/js/dataTables.autoFill.min.js", "JavaScript", 0, 0, 29, 0, 0, 0, 0, 14, 1, 44
"/home/roman/Desktop/P.Magazzino-main/public/scripts/cdn/DataTables/Buttons-1.6.1/css/buttons.bootstrap.css", "CSS", 0, 0, 0, 0, 182, 0, 0, 0, 6, 188
"/home/roman/Desktop/P.Magazzino-main/public/scripts/cdn/DataTables/Buttons-1.6.1/css/buttons.bootstrap.min.css", "CSS", 0, 0, 0, 0, 1, 0, 0, 0, 1, 2
"/home/roman/Desktop/P.Magazzino-main/public/scripts/cdn/DataTables/Buttons-1.6.1/css/buttons.bootstrap4.css", "CSS", 0, 0, 0, 0, 190, 0, 0, 0, 6, 196
"/home/roman/Desktop/P.Magazzino-main/public/scripts/cdn/DataTables/Buttons-1.6.1/css/buttons.bootstrap4.min.css", "CSS", 0, 0, 0, 0, 1, 0, 0, 0, 1, 2
"/home/roman/Desktop/P.Magazzino-main/public/scripts/cdn/DataTables/Buttons-1.6.1/css/buttons.dataTables.css", "CSS", 0, 0, 0, 0, 330, 0, 0, 42, 9, 381
"/home/roman/Desktop/P.Magazzino-main/public/scripts/cdn/DataTables/Buttons-1.6.1/css/buttons.dataTables.min.css", "CSS", 0, 0, 0, 0, 1, 0, 0, 0, 1, 2
"/home/roman/Desktop/P.Magazzino-main/public/scripts/cdn/DataTables/Buttons-1.6.1/css/buttons.foundation.css", "CSS", 0, 0, 0, 0, 206, 0, 0, 0, 9, 215
"/home/roman/Desktop/P.Magazzino-main/public/scripts/cdn/DataTables/Buttons-1.6.1/css/buttons.foundation.min.css", "CSS", 0, 0, 0, 0, 1, 0, 0, 0, 1, 2
"/home/roman/Desktop/P.Magazzino-main/public/scripts/cdn/DataTables/Buttons-1.6.1/css/buttons.jqueryui.css", "CSS", 0, 0, 0, 0, 227, 0, 0, 7, 7, 241
"/home/roman/Desktop/P.Magazzino-main/public/scripts/cdn/DataTables/Buttons-1.6.1/css/buttons.jqueryui.min.css", "CSS", 0, 0, 0, 0, 1, 0, 0, 0, 1, 2
"/home/roman/Desktop/P.Magazzino-main/public/scripts/cdn/DataTables/Buttons-1.6.1/css/buttons.semanticui.css", "CSS", 0, 0, 0, 0, 187, 0, 0, 0, 7, 194
"/home/roman/Desktop/P.Magazzino-main/public/scripts/cdn/DataTables/Buttons-1.6.1/css/buttons.semanticui.min.css", "CSS", 0, 0, 0, 0, 1, 0, 0, 0, 1, 2
"/home/roman/Desktop/P.Magazzino-main/public/scripts/cdn/DataTables/Buttons-1.6.1/css/common.scss", "SCSS", 0, 0, 0, 0, 0, 0, 32, 0, 6, 38
"/home/roman/Desktop/P.Magazzino-main/public/scripts/cdn/DataTables/Buttons-1.6.1/css/mixins.scss", "SCSS", 0, 0, 0, 0, 0, 0, 122, 3, 29, 154
"/home/roman/Desktop/P.Magazzino-main/public/scripts/cdn/DataTables/Buttons-1.6.1/js/buttons.bootstrap.js", "JavaScript", 0, 0, 55, 0, 0, 0, 0, 6, 10, 71
"/home/roman/Desktop/P.Magazzino-main/public/scripts/cdn/DataTables/Buttons-1.6.1/js/buttons.bootstrap.min.js", "JavaScript", 0, 0, 2, 0, 0, 0, 0, 4, 1, 7
"/home/roman/Desktop/P.Magazzino-main/public/scripts/cdn/DataTables/Buttons-1.6.1/js/buttons.bootstrap4.js", "JavaScript", 0, 0, 55, 0, 0, 0, 0, 6, 8, 69
"/home/roman/Desktop/P.Magazzino-main/public/scripts/cdn/DataTables/Buttons-1.6.1/js/buttons.bootstrap4.min.js", "JavaScript", 0, 0, 2, 0, 0, 0, 0, 4, 1, 7
"/home/roman/Desktop/P.Magazzino-main/public/scripts/cdn/DataTables/Buttons-1.6.1/js/buttons.colVis.js", "JavaScript", 0, 0, 152, 0, 0, 0, 0, 21, 34, 207
"/home/roman/Desktop/P.Magazzino-main/public/scripts/cdn/DataTables/Buttons-1.6.1/js/buttons.colVis.min.js", "JavaScript", 0, 0, 6, 0, 0, 0, 0, 4, 1, 11
"/home/roman/Desktop/P.Magazzino-main/public/scripts/cdn/DataTables/Buttons-1.6.1/js/buttons.flash.js", "JavaScript", 0, 0, 1048, 0, 0, 0, 0, 189, 220, 1457
"/home/roman/Desktop/P.Magazzino-main/public/scripts/cdn/DataTables/Buttons-1.6.1/js/buttons.flash.min.js", "JavaScript", 0, 0, 32, 0, 0, 0, 0, 7, 1, 40
"/home/roman/Desktop/P.Magazzino-main/public/scripts/cdn/DataTables/Buttons-1.6.1/js/buttons.foundation.js", "JavaScript", 0, 0, 68, 0, 0, 0, 0, 9, 12, 89
"/home/roman/Desktop/P.Magazzino-main/public/scripts/cdn/DataTables/Buttons-1.6.1/js/buttons.foundation.min.js", "JavaScript", 0, 0, 2, 0, 0, 0, 0, 4, 1, 7
"/home/roman/Desktop/P.Magazzino-main/public/scripts/cdn/DataTables/Buttons-1.6.1/js/buttons.html5.js", "JavaScript", 0, 0, 1097, 0, 0, 0, 0, 153, 210, 1460
"/home/roman/Desktop/P.Magazzino-main/public/scripts/cdn/DataTables/Buttons-1.6.1/js/buttons.html5.min.js", "JavaScript", 0, 0, 28, 0, 0, 0, 0, 7, 1, 36
"/home/roman/Desktop/P.Magazzino-main/public/scripts/cdn/DataTables/Buttons-1.6.1/js/buttons.jqueryui.js", "JavaScript", 0, 0, 47, 0, 0, 0, 0, 6, 10, 63
"/home/roman/Desktop/P.Magazzino-main/public/scripts/cdn/DataTables/Buttons-1.6.1/js/buttons.jqueryui.min.js", "JavaScript", 0, 0, 2, 0, 0, 0, 0, 4, 1, 7
"/home/roman/Desktop/P.Magazzino-main/public/scripts/cdn/DataTables/Buttons-1.6.1/js/buttons.print.js", "JavaScript", 0, 0, 135, 0, 0, 0, 0, 32, 44, 211
"/home/roman/Desktop/P.Magazzino-main/public/scripts/cdn/DataTables/Buttons-1.6.1/js/buttons.print.min.js", "JavaScript", 0, 0, 5, 0, 0, 0, 0, 4, 1, 10
"/home/roman/Desktop/P.Magazzino-main/public/scripts/cdn/DataTables/Buttons-1.6.1/js/buttons.semanticui.js", "JavaScript", 0, 0, 43, 0, 0, 0, 0, 6, 9, 58
"/home/roman/Desktop/P.Magazzino-main/public/scripts/cdn/DataTables/Buttons-1.6.1/js/buttons.semanticui.min.js", "JavaScript", 0, 0, 2, 0, 0, 0, 0, 4, 1, 7
"/home/roman/Desktop/P.Magazzino-main/public/scripts/cdn/DataTables/Buttons-1.6.1/js/dataTables.buttons.js", "JavaScript", 0, 0, 1333, 0, 0, 0, 0, 351, 332, 2016
"/home/roman/Desktop/P.Magazzino-main/public/scripts/cdn/DataTables/Buttons-1.6.1/js/dataTables.buttons.min.js", "JavaScript", 0, 0, 38, 0, 0, 0, 0, 4, 1, 43
"/home/roman/Desktop/P.Magazzino-main/public/scripts/cdn/DataTables/ColReorder-1.5.2/css/colReorder.bootstrap.css", "CSS", 0, 0, 0, 0, 10, 0, 0, 0, 2, 12
"/home/roman/Desktop/P.Magazzino-main/public/scripts/cdn/DataTables/ColReorder-1.5.2/css/colReorder.bootstrap.min.css", "CSS", 0, 0, 0, 0, 1, 0, 0, 0, 1, 2
"/home/roman/Desktop/P.Magazzino-main/public/scripts/cdn/DataTables/ColReorder-1.5.2/css/colReorder.bootstrap4.css", "CSS", 0, 0, 0, 0, 10, 0, 0, 0, 2, 12
"/home/roman/Desktop/P.Magazzino-main/public/scripts/cdn/DataTables/ColReorder-1.5.2/css/colReorder.bootstrap4.min.css", "CSS", 0, 0, 0, 0, 1, 0, 0, 0, 1, 2
"/home/roman/Desktop/P.Magazzino-main/public/scripts/cdn/DataTables/ColReorder-1.5.2/css/colReorder.dataTables.css", "CSS", 0, 0, 0, 0, 10, 0, 0, 0, 2, 12
"/home/roman/Desktop/P.Magazzino-main/public/scripts/cdn/DataTables/ColReorder-1.5.2/css/colReorder.dataTables.min.css", "CSS", 0, 0, 0, 0, 1, 0, 0, 0, 1, 2
"/home/roman/Desktop/P.Magazzino-main/public/scripts/cdn/DataTables/ColReorder-1.5.2/css/colReorder.foundation.css", "CSS", 0, 0, 0, 0, 10, 0, 0, 0, 2, 12
"/home/roman/Desktop/P.Magazzino-main/public/scripts/cdn/DataTables/ColReorder-1.5.2/css/colReorder.foundation.min.css", "CSS", 0, 0, 0, 0, 1, 0, 0, 0, 1, 2
"/home/roman/Desktop/P.Magazzino-main/public/scripts/cdn/DataTables/ColReorder-1.5.2/css/colReorder.jqueryui.css", "CSS", 0, 0, 0, 0, 10, 0, 0, 0, 2, 12
"/home/roman/Desktop/P.Magazzino-main/public/scripts/cdn/DataTables/ColReorder-1.5.2/css/colReorder.jqueryui.min.css", "CSS", 0, 0, 0, 0, 1, 0, 0, 0, 1, 2
"/home/roman/Desktop/P.Magazzino-main/public/scripts/cdn/DataTables/ColReorder-1.5.2/css/colReorder.semanticui.css", "CSS", 0, 0, 0, 0, 10, 0, 0, 0, 2, 12
"/home/roman/Desktop/P.Magazzino-main/public/scripts/cdn/DataTables/ColReorder-1.5.2/css/colReorder.semanticui.min.css", "CSS", 0, 0, 0, 0, 1, 0, 0, 0, 1, 2
"/home/roman/Desktop/P.Magazzino-main/public/scripts/cdn/DataTables/ColReorder-1.5.2/js/colReorder.bootstrap.js", "JavaScript", 0, 0, 26, 0, 0, 0, 0, 6, 6, 38
"/home/roman/Desktop/P.Magazzino-main/public/scripts/cdn/DataTables/ColReorder-1.5.2/js/colReorder.bootstrap.min.js", "JavaScript", 0, 0, 1, 0, 0, 0, 0, 4, 1, 6
"/home/roman/Desktop/P.Magazzino-main/public/scripts/cdn/DataTables/ColReorder-1.5.2/js/colReorder.bootstrap4.js", "JavaScript", 0, 0, 26, 0, 0, 0, 0, 6, 6, 38
"/home/roman/Desktop/P.Magazzino-main/public/scripts/cdn/DataTables/ColReorder-1.5.2/js/colReorder.bootstrap4.min.js", "JavaScript", 0, 0, 1, 0, 0, 0, 0, 4, 1, 6
"/home/roman/Desktop/P.Magazzino-main/public/scripts/cdn/DataTables/ColReorder-1.5.2/js/colReorder.dataTables.js", "JavaScript", 0, 0, 26, 0, 0, 0, 0, 6, 6, 38
"/home/roman/Desktop/P.Magazzino-main/public/scripts/cdn/DataTables/ColReorder-1.5.2/js/colReorder.foundation.js", "JavaScript", 0, 0, 26, 0, 0, 0, 0, 6, 6, 38
"/home/roman/Desktop/P.Magazzino-main/public/scripts/cdn/DataTables/ColReorder-1.5.2/js/colReorder.foundation.min.js", "JavaScript", 0, 0, 1, 0, 0, 0, 0, 4, 1, 6
"/home/roman/Desktop/P.Magazzino-main/public/scripts/cdn/DataTables/ColReorder-1.5.2/js/colReorder.jqueryui.js", "JavaScript", 0, 0, 26, 0, 0, 0, 0, 6, 6, 38
"/home/roman/Desktop/P.Magazzino-main/public/scripts/cdn/DataTables/ColReorder-1.5.2/js/colReorder.jqueryui.min.js", "JavaScript", 0, 0, 1, 0, 0, 0, 0, 4, 1, 6
"/home/roman/Desktop/P.Magazzino-main/public/scripts/cdn/DataTables/ColReorder-1.5.2/js/colReorder.semanicui.js", "JavaScript", 0, 0, 0, 0, 0, 0, 0, 0, 1, 1
"/home/roman/Desktop/P.Magazzino-main/public/scripts/cdn/DataTables/ColReorder-1.5.2/js/colReorder.semanticui.js", "JavaScript", 0, 0, 26, 0, 0, 0, 0, 6, 6, 38
"/home/roman/Desktop/P.Magazzino-main/public/scripts/cdn/DataTables/ColReorder-1.5.2/js/colReorder.semanticui.min.js", "JavaScript", 0, 0, 1, 0, 0, 0, 0, 4, 1, 6
"/home/roman/Desktop/P.Magazzino-main/public/scripts/cdn/DataTables/ColReorder-1.5.2/js/dataTables.colReorder.js", "JavaScript", 0, 0, 800, 0, 0, 0, 0, 468, 224, 1492
"/home/roman/Desktop/P.Magazzino-main/public/scripts/cdn/DataTables/ColReorder-1.5.2/js/dataTables.colReorder.min.js", "JavaScript", 0, 0, 26, 0, 0, 0, 0, 14, 1, 41
"/home/roman/Desktop/P.Magazzino-main/public/scripts/cdn/DataTables/DataTables-1.10.20/css/dataTables.bootstrap.css", "CSS", 0, 0, 0, 0, 175, 0, 0, 3, 10, 188
"/home/roman/Desktop/P.Magazzino-main/public/scripts/cdn/DataTables/DataTables-1.10.20/css/dataTables.bootstrap.min.css", "CSS", 0, 0, 0, 0, 1, 0, 0, 0, 1, 2
"/home/roman/Desktop/P.Magazzino-main/public/scripts/cdn/DataTables/DataTables-1.10.20/css/dataTables.bootstrap4.css", "CSS", 0, 0, 0, 0, 197, 0, 0, 0, 10, 207
"/home/roman/Desktop/P.Magazzino-main/public/scripts/cdn/DataTables/DataTables-1.10.20/css/dataTables.bootstrap4.min.css", "CSS", 0, 0, 0, 0, 1, 0, 0, 0, 1, 2
"/home/roman/Desktop/P.Magazzino-main/public/scripts/cdn/DataTables/DataTables-1.10.20/css/dataTables.foundation.css", "CSS", 0, 0, 0, 0, 113, 0, 0, 0, 6, 119
"/home/roman/Desktop/P.Magazzino-main/public/scripts/cdn/DataTables/DataTables-1.10.20/css/dataTables.foundation.min.css", "CSS", 0, 0, 0, 0, 1, 0, 0, 0, 1, 2
"/home/roman/Desktop/P.Magazzino-main/public/scripts/cdn/DataTables/DataTables-1.10.20/css/dataTables.jqueryui.css", "CSS", 0, 0, 0, 0, 444, 0, 0, 33, 5, 482
"/home/roman/Desktop/P.Magazzino-main/public/scripts/cdn/DataTables/DataTables-1.10.20/css/dataTables.jqueryui.min.css", "CSS", 0, 0, 0, 0, 1, 0, 0, 0, 1, 2
"/home/roman/Desktop/P.Magazzino-main/public/scripts/cdn/DataTables/DataTables-1.10.20/css/dataTables.semanticui.css", "CSS", 0, 0, 0, 0, 98, 0, 0, 3, 2, 103
"/home/roman/Desktop/P.Magazzino-main/public/scripts/cdn/DataTables/DataTables-1.10.20/css/dataTables.semanticui.min.css", "CSS", 0, 0, 0, 0, 1, 0, 0, 0, 1, 2
"/home/roman/Desktop/P.Magazzino-main/public/scripts/cdn/DataTables/DataTables-1.10.20/css/jquery.dataTables.css", "CSS", 0, 0, 0, 0, 415, 0, 0, 30, 4, 449
"/home/roman/Desktop/P.Magazzino-main/public/scripts/cdn/DataTables/DataTables-1.10.20/css/jquery.dataTables.min.css", "CSS", 0, 0, 0, 0, 1, 0, 0, 0, 1, 2
"/home/roman/Desktop/P.Magazzino-main/public/scripts/cdn/DataTables/DataTables-1.10.20/js/dataTables.bootstrap.js", "JavaScript", 0, 0, 129, 0, 0, 0, 0, 26, 28, 183
"/home/roman/Desktop/P.Magazzino-main/public/scripts/cdn/DataTables/DataTables-1.10.20/js/dataTables.bootstrap.min.js", "JavaScript", 0, 0, 7, 0, 0, 0, 0, 4, 1, 12
"/home/roman/Desktop/P.Magazzino-main/public/scripts/cdn/DataTables/DataTables-1.10.20/js/dataTables.bootstrap4.js", "JavaScript", 0, 0, 131, 0, 0, 0, 0, 26, 28, 185
"/home/roman/Desktop/P.Magazzino-main/public/scripts/cdn/DataTables/DataTables-1.10.20/js/dataTables.bootstrap4.min.js", "JavaScript", 0, 0, 7, 0, 0, 0, 0, 4, 1, 12
"/home/roman/Desktop/P.Magazzino-main/public/scripts/cdn/DataTables/DataTables-1.10.20/js/dataTables.foundation.js", "JavaScript", 0, 0, 132, 0, 0, 0, 0, 17, 26, 175
"/home/roman/Desktop/P.Magazzino-main/public/scripts/cdn/DataTables/DataTables-1.10.20/js/dataTables.foundation.min.js", "JavaScript", 0, 0, 5, 0, 0, 0, 0, 4, 1, 10
"/home/roman/Desktop/P.Magazzino-main/public/scripts/cdn/DataTables/DataTables-1.10.20/js/dataTables.jqueryui.js", "JavaScript", 0, 0, 112, 0, 0, 0, 0, 27, 26, 165
"/home/roman/Desktop/P.Magazzino-main/public/scripts/cdn/DataTables/DataTables-1.10.20/js/dataTables.jqueryui.min.js", "JavaScript", 0, 0, 8, 0, 0, 0, 0, 4, 1, 13
"/home/roman/Desktop/P.Magazzino-main/public/scripts/cdn/DataTables/DataTables-1.10.20/js/dataTables.semanticui.js", "JavaScript", 0, 0, 150, 0, 0, 0, 0, 29, 34, 213
"/home/roman/Desktop/P.Magazzino-main/public/scripts/cdn/DataTables/DataTables-1.10.20/js/dataTables.semanticui.min.js", "JavaScript", 0, 0, 8, 0, 0, 0, 0, 4, 1, 13
"/home/roman/Desktop/P.Magazzino-main/public/scripts/cdn/DataTables/DataTables-1.10.20/js/jquery.dataTables.js", "JavaScript", 0, 0, 6361, 0, 0, 0, 0, 6989, 1985, 15335
"/home/roman/Desktop/P.Magazzino-main/public/scripts/cdn/DataTables/DataTables-1.10.20/js/jquery.dataTables.min.js", "JavaScript", 0, 0, 166, 0, 0, 0, 0, 14, 1, 181
"/home/roman/Desktop/P.Magazzino-main/public/scripts/cdn/DataTables/FixedColumns-3.3.0/css/fixedColumns.bootstrap.css", "CSS", 0, 0, 0, 0, 56, 0, 0, 0, 5, 61
"/home/roman/Desktop/P.Magazzino-main/public/scripts/cdn/DataTables/FixedColumns-3.3.0/css/fixedColumns.bootstrap.min.css", "CSS", 0, 0, 0, 0, 1, 0, 0, 0, 1, 2
"/home/roman/Desktop/P.Magazzino-main/public/scripts/cdn/DataTables/FixedColumns-3.3.0/css/fixedColumns.bootstrap4.css", "CSS", 0, 0, 0, 0, 59, 0, 0, 0, 6, 65
"/home/roman/Desktop/P.Magazzino-main/public/scripts/cdn/DataTables/FixedColumns-3.3.0/css/fixedColumns.bootstrap4.min.css", "CSS", 0, 0, 0, 0, 1, 0, 0, 0, 1, 2
"/home/roman/Desktop/P.Magazzino-main/public/scripts/cdn/DataTables/FixedColumns-3.3.0/css/fixedColumns.dataTables.css", "CSS", 0, 0, 0, 0, 16, 0, 0, 0, 3, 19
"/home/roman/Desktop/P.Magazzino-main/public/scripts/cdn/DataTables/FixedColumns-3.3.0/css/fixedColumns.dataTables.min.css", "CSS", 0, 0, 0, 0, 1, 0, 0, 0, 1, 2
"/home/roman/Desktop/P.Magazzino-main/public/scripts/cdn/DataTables/FixedColumns-3.3.0/css/fixedColumns.foundation.css", "CSS", 0, 0, 0, 0, 27, 0, 0, 0, 6, 33
"/home/roman/Desktop/P.Magazzino-main/public/scripts/cdn/DataTables/FixedColumns-3.3.0/css/fixedColumns.foundation.min.css", "CSS", 0, 0, 0, 0, 1, 0, 0, 0, 1, 2
"/home/roman/Desktop/P.Magazzino-main/public/scripts/cdn/DataTables/FixedColumns-3.3.0/css/fixedColumns.jqueryui.css", "CSS", 0, 0, 0, 0, 11, 0, 0, 0, 2, 13
"/home/roman/Desktop/P.Magazzino-main/public/scripts/cdn/DataTables/FixedColumns-3.3.0/css/fixedColumns.jqueryui.min.css", "CSS", 0, 0, 0, 0, 1, 0, 0, 0, 1, 2
"/home/roman/Desktop/P.Magazzino-main/public/scripts/cdn/DataTables/FixedColumns-3.3.0/css/fixedColumns.semanticui.css", "CSS", 0, 0, 0, 0, 35, 0, 0, 0, 6, 41
"/home/roman/Desktop/P.Magazzino-main/public/scripts/cdn/DataTables/FixedColumns-3.3.0/css/fixedColumns.semanticui.min.css", "CSS", 0, 0, 0, 0, 1, 0, 0, 0, 1, 2
"/home/roman/Desktop/P.Magazzino-main/public/scripts/cdn/DataTables/FixedColumns-3.3.0/js/dataTables.fixedColumns.js", "JavaScript", 0, 0, 925, 0, 0, 0, 0, 508, 227, 1660
"/home/roman/Desktop/P.Magazzino-main/public/scripts/cdn/DataTables/FixedColumns-3.3.0/js/dataTables.fixedColumns.min.js", "JavaScript", 0, 0, 34, 0, 0, 0, 0, 14, 1, 49
"/home/roman/Desktop/P.Magazzino-main/public/scripts/cdn/DataTables/FixedColumns-3.3.0/js/fixedColumns.bootstrap.js", "JavaScript", 0, 0, 26, 0, 0, 0, 0, 6, 6, 38
"/home/roman/Desktop/P.Magazzino-main/public/scripts/cdn/DataTables/FixedColumns-3.3.0/js/fixedColumns.bootstrap.min.js", "JavaScript", 0, 0, 1, 0, 0, 0, 0, 4, 1, 6
"/home/roman/Desktop/P.Magazzino-main/public/scripts/cdn/DataTables/FixedColumns-3.3.0/js/fixedColumns.bootstrap4.js", "JavaScript", 0, 0, 26, 0, 0, 0, 0, 6, 6, 38
"/home/roman/Desktop/P.Magazzino-main/public/scripts/cdn/DataTables/FixedColumns-3.3.0/js/fixedColumns.bootstrap4.min.js", "JavaScript", 0, 0, 1, 0, 0, 0, 0, 4, 1, 6
"/home/roman/Desktop/P.Magazzino-main/public/scripts/cdn/DataTables/FixedColumns-3.3.0/js/fixedColumns.dataTables.js", "JavaScript", 0, 0, 26, 0, 0, 0, 0, 6, 6, 38
"/home/roman/Desktop/P.Magazzino-main/public/scripts/cdn/DataTables/FixedColumns-3.3.0/js/fixedColumns.foundation.js", "JavaScript", 0, 0, 26, 0, 0, 0, 0, 6, 6, 38
"/home/roman/Desktop/P.Magazzino-main/public/scripts/cdn/DataTables/FixedColumns-3.3.0/js/fixedColumns.foundation.min.js", "JavaScript", 0, 0, 1, 0, 0, 0, 0, 4, 1, 6
"/home/roman/Desktop/P.Magazzino-main/public/scripts/cdn/DataTables/FixedColumns-3.3.0/js/fixedColumns.jqueryui.js", "JavaScript", 0, 0, 26, 0, 0, 0, 0, 6, 6, 38
"/home/roman/Desktop/P.Magazzino-main/public/scripts/cdn/DataTables/FixedColumns-3.3.0/js/fixedColumns.jqueryui.min.js", "JavaScript", 0, 0, 1, 0, 0, 0, 0, 4, 1, 6
"/home/roman/Desktop/P.Magazzino-main/public/scripts/cdn/DataTables/FixedColumns-3.3.0/js/fixedColumns.semanicui.js", "JavaScript", 0, 0, 0, 0, 0, 0, 0, 0, 1, 1
"/home/roman/Desktop/P.Magazzino-main/public/scripts/cdn/DataTables/FixedColumns-3.3.0/js/fixedColumns.semanticui.js", "JavaScript", 0, 0, 26, 0, 0, 0, 0, 6, 6, 38
"/home/roman/Desktop/P.Magazzino-main/public/scripts/cdn/DataTables/FixedColumns-3.3.0/js/fixedColumns.semanticui.min.js", "JavaScript", 0, 0, 1, 0, 0, 0, 0, 4, 1, 6
"/home/roman/Desktop/P.Magazzino-main/public/scripts/cdn/DataTables/FixedHeader-3.1.6/css/fixedHeader.bootstrap.css", "CSS", 0, 0, 0, 0, 17, 0, 0, 0, 4, 21
"/home/roman/Desktop/P.Magazzino-main/public/scripts/cdn/DataTables/FixedHeader-3.1.6/css/fixedHeader.bootstrap.min.css", "CSS", 0, 0, 0, 0, 1, 0, 0, 0, 1, 2
"/home/roman/Desktop/P.Magazzino-main/public/scripts/cdn/DataTables/FixedHeader-3.1.6/css/fixedHeader.bootstrap4.css", "CSS", 0, 0, 0, 0, 17, 0, 0, 0, 4, 21
"/home/roman/Desktop/P.Magazzino-main/public/scripts/cdn/DataTables/FixedHeader-3.1.6/css/fixedHeader.bootstrap4.min.css", "CSS", 0, 0, 0, 0, 1, 0, 0, 0, 1, 2
"/home/roman/Desktop/P.Magazzino-main/public/scripts/cdn/DataTables/FixedHeader-3.1.6/css/fixedHeader.dataTables.css", "CSS", 0, 0, 0, 0, 16, 0, 0, 0, 4, 20
"/home/roman/Desktop/P.Magazzino-main/public/scripts/cdn/DataTables/FixedHeader-3.1.6/css/fixedHeader.dataTables.min.css", "CSS", 0, 0, 0, 0, 1, 0, 0, 0, 1, 2
"/home/roman/Desktop/P.Magazzino-main/public/scripts/cdn/DataTables/FixedHeader-3.1.6/css/fixedHeader.foundation.css", "CSS", 0, 0, 0, 0, 17, 0, 0, 0, 4, 21
"/home/roman/Desktop/P.Magazzino-main/public/scripts/cdn/DataTables/FixedHeader-3.1.6/css/fixedHeader.foundation.min.css", "CSS", 0, 0, 0, 0, 1, 0, 0, 0, 1, 2
"/home/roman/Desktop/P.Magazzino-main/public/scripts/cdn/DataTables/FixedHeader-3.1.6/css/fixedHeader.jqueryui.css", "CSS", 0, 0, 0, 0, 13, 0, 0, 0, 3, 16
"/home/roman/Desktop/P.Magazzino-main/public/scripts/cdn/DataTables/FixedHeader-3.1.6/css/fixedHeader.jqueryui.min.css", "CSS", 0, 0, 0, 0, 1, 0, 0, 0, 1, 2
"/home/roman/Desktop/P.Magazzino-main/public/scripts/cdn/DataTables/FixedHeader-3.1.6/css/fixedHeader.semanticui.css", "CSS", 0, 0, 0, 0, 12, 0, 0, 0, 3, 15
"/home/roman/Desktop/P.Magazzino-main/public/scripts/cdn/DataTables/FixedHeader-3.1.6/css/fixedHeader.semanticui.min.css", "CSS", 0, 0, 0, 0, 1, 0, 0, 0, 1, 2
"/home/roman/Desktop/P.Magazzino-main/public/scripts/cdn/DataTables/FixedHeader-3.1.6/js/dataTables.fixedHeader.js", "JavaScript", 0, 0, 447, 0, 0, 0, 0, 169, 111, 727
"/home/roman/Desktop/P.Magazzino-main/public/scripts/cdn/DataTables/FixedHeader-3.1.6/js/dataTables.fixedHeader.min.js", "JavaScript", 0, 0, 17, 0, 0, 0, 0, 14, 1, 32
"/home/roman/Desktop/P.Magazzino-main/public/scripts/cdn/DataTables/FixedHeader-3.1.6/js/fixedHeader.bootstrap.js", "JavaScript", 0, 0, 26, 0, 0, 0, 0, 6, 6, 38
"/home/roman/Desktop/P.Magazzino-main/public/scripts/cdn/DataTables/FixedHeader-3.1.6/js/fixedHeader.bootstrap.min.js", "JavaScript", 0, 0, 1, 0, 0, 0, 0, 4, 1, 6
"/home/roman/Desktop/P.Magazzino-main/public/scripts/cdn/DataTables/FixedHeader-3.1.6/js/fixedHeader.bootstrap4.js", "JavaScript", 0, 0, 26, 0, 0, 0, 0, 6, 6, 38
"/home/roman/Desktop/P.Magazzino-main/public/scripts/cdn/DataTables/FixedHeader-3.1.6/js/fixedHeader.bootstrap4.min.js", "JavaScript", 0, 0, 1, 0, 0, 0, 0, 4, 1, 6
"/home/roman/Desktop/P.Magazzino-main/public/scripts/cdn/DataTables/FixedHeader-3.1.6/js/fixedHeader.dataTables.js", "JavaScript", 0, 0, 26, 0, 0, 0, 0, 6, 6, 38
"/home/roman/Desktop/P.Magazzino-main/public/scripts/cdn/DataTables/FixedHeader-3.1.6/js/fixedHeader.foundation.js", "JavaScript", 0, 0, 26, 0, 0, 0, 0, 6, 6, 38
"/home/roman/Desktop/P.Magazzino-main/public/scripts/cdn/DataTables/FixedHeader-3.1.6/js/fixedHeader.foundation.min.js", "JavaScript", 0, 0, 1, 0, 0, 0, 0, 4, 1, 6
"/home/roman/Desktop/P.Magazzino-main/public/scripts/cdn/DataTables/FixedHeader-3.1.6/js/fixedHeader.jqueryui.js", "JavaScript", 0, 0, 26, 0, 0, 0, 0, 6, 6, 38
"/home/roman/Desktop/P.Magazzino-main/public/scripts/cdn/DataTables/FixedHeader-3.1.6/js/fixedHeader.jqueryui.min.js", "JavaScript", 0, 0, 1, 0, 0, 0, 0, 4, 1, 6
"/home/roman/Desktop/P.Magazzino-main/public/scripts/cdn/DataTables/FixedHeader-3.1.6/js/fixedHeader.semanicui.js", "JavaScript", 0, 0, 0, 0, 0, 0, 0, 0, 1, 1
"/home/roman/Desktop/P.Magazzino-main/public/scripts/cdn/DataTables/FixedHeader-3.1.6/js/fixedHeader.semanticui.js", "JavaScript", 0, 0, 26, 0, 0, 0, 0, 6, 6, 38
"/home/roman/Desktop/P.Magazzino-main/public/scripts/cdn/DataTables/FixedHeader-3.1.6/js/fixedHeader.semanticui.min.js", "JavaScript", 0, 0, 1, 0, 0, 0, 0, 4, 1, 6
"/home/roman/Desktop/P.Magazzino-main/public/scripts/cdn/DataTables/JSZip-2.5.0/jszip.js", "JavaScript", 0, 0, 5349, 0, 0, 0, 0, 2717, 1089, 9155
"/home/roman/Desktop/P.Magazzino-main/public/scripts/cdn/DataTables/JSZip-2.5.0/jszip.min.js", "JavaScript", 0, 0, 3, 0, 0, 0, 0, 11, 0, 14
"/home/roman/Desktop/P.Magazzino-main/public/scripts/cdn/DataTables/KeyTable-2.5.1/css/keyTable.bootstrap.css", "CSS", 0, 0, 0, 0, 8, 0, 0, 0, 2, 10
"/home/roman/Desktop/P.Magazzino-main/public/scripts/cdn/DataTables/KeyTable-2.5.1/css/keyTable.bootstrap.min.css", "CSS", 0, 0, 0, 0, 1, 0, 0, 0, 1, 2
"/home/roman/Desktop/P.Magazzino-main/public/scripts/cdn/DataTables/KeyTable-2.5.1/css/keyTable.bootstrap4.css", "CSS", 0, 0, 0, 0, 8, 0, 0, 0, 2, 10
"/home/roman/Desktop/P.Magazzino-main/public/scripts/cdn/DataTables/KeyTable-2.5.1/css/keyTable.bootstrap4.min.css", "CSS", 0, 0, 0, 0, 1, 0, 0, 0, 1, 2
"/home/roman/Desktop/P.Magazzino-main/public/scripts/cdn/DataTables/KeyTable-2.5.1/css/keyTable.dataTables.css", "CSS", 0, 0, 0, 0, 8, 0, 0, 0, 2, 10
"/home/roman/Desktop/P.Magazzino-main/public/scripts/cdn/DataTables/KeyTable-2.5.1/css/keyTable.dataTables.min.css", "CSS", 0, 0, 0, 0, 1, 0, 0, 0, 1, 2
"/home/roman/Desktop/P.Magazzino-main/public/scripts/cdn/DataTables/KeyTable-2.5.1/css/keyTable.foundation.css", "CSS", 0, 0, 0, 0, 8, 0, 0, 0, 2, 10
"/home/roman/Desktop/P.Magazzino-main/public/scripts/cdn/DataTables/KeyTable-2.5.1/css/keyTable.foundation.min.css", "CSS", 0, 0, 0, 0, 1, 0, 0, 0, 1, 2
"/home/roman/Desktop/P.Magazzino-main/public/scripts/cdn/DataTables/KeyTable-2.5.1/css/keyTable.jqueryui.css", "CSS", 0, 0, 0, 0, 8, 0, 0, 0, 2, 10
"/home/roman/Desktop/P.Magazzino-main/public/scripts/cdn/DataTables/KeyTable-2.5.1/css/keyTable.jqueryui.min.css", "CSS", 0, 0, 0, 0, 1, 0, 0, 0, 1, 2
"/home/roman/Desktop/P.Magazzino-main/public/scripts/cdn/DataTables/KeyTable-2.5.1/css/keyTable.semanticui.css", "CSS", 0, 0, 0, 0, 8, 0, 0, 0, 2, 10
"/home/roman/Desktop/P.Magazzino-main/public/scripts/cdn/DataTables/KeyTable-2.5.1/css/keyTable.semanticui.min.css", "CSS", 0, 0, 0, 0, 1, 0, 0, 0, 1, 2
"/home/roman/Desktop/P.Magazzino-main/public/scripts/cdn/DataTables/KeyTable-2.5.1/js/dataTables.keyTable.js", "JavaScript", 0, 0, 744, 0, 0, 0, 0, 291, 210, 1245
"/home/roman/Desktop/P.Magazzino-main/public/scripts/cdn/DataTables/KeyTable-2.5.1/js/dataTables.keyTable.min.js", "JavaScript", 0, 0, 28, 0, 0, 0, 0, 14, 1, 43
"/home/roman/Desktop/P.Magazzino-main/public/scripts/cdn/DataTables/KeyTable-2.5.1/js/keyTable.bootstrap.js", "JavaScript", 0, 0, 26, 0, 0, 0, 0, 6, 6, 38
"/home/roman/Desktop/P.Magazzino-main/public/scripts/cdn/DataTables/KeyTable-2.5.1/js/keyTable.bootstrap.min.js", "JavaScript", 0, 0, 1, 0, 0, 0, 0, 4, 1, 6
"/home/roman/Desktop/P.Magazzino-main/public/scripts/cdn/DataTables/KeyTable-2.5.1/js/keyTable.bootstrap4.js", "JavaScript", 0, 0, 26, 0, 0, 0, 0, 6, 6, 38
"/home/roman/Desktop/P.Magazzino-main/public/scripts/cdn/DataTables/KeyTable-2.5.1/js/keyTable.bootstrap4.min.js", "JavaScript", 0, 0, 1, 0, 0, 0, 0, 4, 1, 6
"/home/roman/Desktop/P.Magazzino-main/public/scripts/cdn/DataTables/KeyTable-2.5.1/js/keyTable.dataTables.js", "JavaScript", 0, 0, 26, 0, 0, 0, 0, 6, 6, 38
"/home/roman/Desktop/P.Magazzino-main/public/scripts/cdn/DataTables/KeyTable-2.5.1/js/keyTable.foundation.js", "JavaScript", 0, 0, 26, 0, 0, 0, 0, 6, 6, 38
"/home/roman/Desktop/P.Magazzino-main/public/scripts/cdn/DataTables/KeyTable-2.5.1/js/keyTable.foundation.min.js", "JavaScript", 0, 0, 1, 0, 0, 0, 0, 4, 1, 6
"/home/roman/Desktop/P.Magazzino-main/public/scripts/cdn/DataTables/KeyTable-2.5.1/js/keyTable.jqueryui.js", "JavaScript", 0, 0, 26, 0, 0, 0, 0, 6, 6, 38
"/home/roman/Desktop/P.Magazzino-main/public/scripts/cdn/DataTables/KeyTable-2.5.1/js/keyTable.jqueryui.min.js", "JavaScript", 0, 0, 1, 0, 0, 0, 0, 4, 1, 6
"/home/roman/Desktop/P.Magazzino-main/public/scripts/cdn/DataTables/KeyTable-2.5.1/js/keyTable.semanicui.js", "JavaScript", 0, 0, 0, 0, 0, 0, 0, 0, 1, 1
"/home/roman/Desktop/P.Magazzino-main/public/scripts/cdn/DataTables/KeyTable-2.5.1/js/keyTable.semanticui.js", "JavaScript", 0, 0, 26, 0, 0, 0, 0, 6, 6, 38
"/home/roman/Desktop/P.Magazzino-main/public/scripts/cdn/DataTables/KeyTable-2.5.1/js/keyTable.semanticui.min.js", "JavaScript", 0, 0, 1, 0, 0, 0, 0, 4, 1, 6
"/home/roman/Desktop/P.Magazzino-main/public/scripts/cdn/DataTables/Responsive-2.2.3/css/responsive.bootstrap.css", "CSS", 0, 0, 0, 0, 178, 0, 0, 0, 3, 181
"/home/roman/Desktop/P.Magazzino-main/public/scripts/cdn/DataTables/Responsive-2.2.3/css/responsive.bootstrap.min.css", "CSS", 0, 0, 0, 0, 1, 0, 0, 0, 1, 2
"/home/roman/Desktop/P.Magazzino-main/public/scripts/cdn/DataTables/Responsive-2.2.3/css/responsive.bootstrap4.css", "CSS", 0, 0, 0, 0, 178, 0, 0, 0, 3, 181
"/home/roman/Desktop/P.Magazzino-main/public/scripts/cdn/DataTables/Responsive-2.2.3/css/responsive.bootstrap4.min.css", "CSS", 0, 0, 0, 0, 1, 0, 0, 0, 1, 2
"/home/roman/Desktop/P.Magazzino-main/public/scripts/cdn/DataTables/Responsive-2.2.3/css/responsive.dataTables.css", "CSS", 0, 0, 0, 0, 175, 0, 0, 0, 3, 178
"/home/roman/Desktop/P.Magazzino-main/public/scripts/cdn/DataTables/Responsive-2.2.3/css/responsive.dataTables.min.css", "CSS", 0, 0, 0, 0, 1, 0, 0, 0, 1, 2
"/home/roman/Desktop/P.Magazzino-main/public/scripts/cdn/DataTables/Responsive-2.2.3/css/responsive.foundation.css", "CSS", 0, 0, 0, 0, 178, 0, 0, 0, 3, 181
"/home/roman/Desktop/P.Magazzino-main/public/scripts/cdn/DataTables/Responsive-2.2.3/css/responsive.foundation.min.css", "CSS", 0, 0, 0, 0, 1, 0, 0, 0, 1, 2
"/home/roman/Desktop/P.Magazzino-main/public/scripts/cdn/DataTables/Responsive-2.2.3/css/responsive.jqueryui.css", "CSS", 0, 0, 0, 0, 175, 0, 0, 0, 3, 178
"/home/roman/Desktop/P.Magazzino-main/public/scripts/cdn/DataTables/Responsive-2.2.3/css/responsive.jqueryui.min.css", "CSS", 0, 0, 0, 0, 1, 0, 0, 0, 1, 2
"/home/roman/Desktop/P.Magazzino-main/public/scripts/cdn/DataTables/Responsive-2.2.3/css/responsive.semanticui.css", "CSS", 0, 0, 0, 0, 178, 0, 0, 0, 3, 181
"/home/roman/Desktop/P.Magazzino-main/public/scripts/cdn/DataTables/Responsive-2.2.3/css/responsive.semanticui.min.css", "CSS", 0, 0, 0, 0, 1, 0, 0, 0, 1, 2
"/home/roman/Desktop/P.Magazzino-main/public/scripts/cdn/DataTables/Responsive-2.2.3/js/dataTables.responsive.js", "JavaScript", 0, 0, 814, 0, 0, 0, 0, 377, 203, 1394
"/home/roman/Desktop/P.Magazzino-main/public/scripts/cdn/DataTables/Responsive-2.2.3/js/dataTables.responsive.min.js", "JavaScript", 0, 0, 26, 0, 0, 0, 0, 4, 1, 31
"/home/roman/Desktop/P.Magazzino-main/public/scripts/cdn/DataTables/Responsive-2.2.3/js/responsive.bootstrap.js", "JavaScript", 0, 0, 67, 0, 0, 0, 0, 6, 13, 86
"/home/roman/Desktop/P.Magazzino-main/public/scripts/cdn/DataTables/Responsive-2.2.3/js/responsive.bootstrap.min.js", "JavaScript", 0, 0, 2, 0, 0, 0, 0, 4, 1, 7
"/home/roman/Desktop/P.Magazzino-main/public/scripts/cdn/DataTables/Responsive-2.2.3/js/responsive.bootstrap4.js", "JavaScript", 0, 0, 67, 0, 0, 0, 0, 6, 13, 86
"/home/roman/Desktop/P.Magazzino-main/public/scripts/cdn/DataTables/Responsive-2.2.3/js/responsive.bootstrap4.min.js", "JavaScript", 0, 0, 2, 0, 0, 0, 0, 4, 1, 7
"/home/roman/Desktop/P.Magazzino-main/public/scripts/cdn/DataTables/Responsive-2.2.3/js/responsive.foundation.js", "JavaScript", 0, 0, 47, 0, 0, 0, 0, 6, 10, 63
"/home/roman/Desktop/P.Magazzino-main/public/scripts/cdn/DataTables/Responsive-2.2.3/js/responsive.foundation.min.js", "JavaScript", 0, 0, 2, 0, 0, 0, 0, 4, 1, 7
"/home/roman/Desktop/P.Magazzino-main/public/scripts/cdn/DataTables/Responsive-2.2.3/js/responsive.jqueryui.js", "JavaScript", 0, 0, 48, 0, 0, 0, 0, 6, 10, 64
"/home/roman/Desktop/P.Magazzino-main/public/scripts/cdn/DataTables/Responsive-2.2.3/js/responsive.jqueryui.min.js", "JavaScript", 0, 0, 2, 0, 0, 0, 0, 4, 1, 7
"/home/roman/Desktop/P.Magazzino-main/public/scripts/cdn/DataTables/Responsive-2.2.3/js/responsive.semanticui.js", "JavaScript", 0, 0, 60, 0, 0, 0, 0, 6, 12, 78
"/home/roman/Desktop/P.Magazzino-main/public/scripts/cdn/DataTables/Responsive-2.2.3/js/responsive.semanticui.min.js", "JavaScript", 0, 0, 2, 0, 0, 0, 0, 4, 1, 7
"/home/roman/Desktop/P.Magazzino-main/public/scripts/cdn/DataTables/RowGroup-1.1.1/css/rowGroup.bootstrap.css", "CSS", 0, 0, 0, 0, 17, 0, 0, 0, 4, 21
"/home/roman/Desktop/P.Magazzino-main/public/scripts/cdn/DataTables/RowGroup-1.1.1/css/rowGroup.bootstrap.min.css", "CSS", 0, 0, 0, 0, 1, 0, 0, 0, 1, 2
"/home/roman/Desktop/P.Magazzino-main/public/scripts/cdn/DataTables/RowGroup-1.1.1/css/rowGroup.bootstrap4.css", "CSS", 0, 0, 0, 0, 17, 0, 0, 0, 4, 21
"/home/roman/Desktop/P.Magazzino-main/public/scripts/cdn/DataTables/RowGroup-1.1.1/css/rowGroup.bootstrap4.min.css", "CSS", 0, 0, 0, 0, 1, 0, 0, 0, 1, 2
"/home/roman/Desktop/P.Magazzino-main/public/scripts/cdn/DataTables/RowGroup-1.1.1/css/rowGroup.dataTables.css", "CSS", 0, 0, 0, 0, 17, 0, 0, 0, 4, 21
"/home/roman/Desktop/P.Magazzino-main/public/scripts/cdn/DataTables/RowGroup-1.1.1/css/rowGroup.dataTables.min.css", "CSS", 0, 0, 0, 0, 1, 0, 0, 0, 1, 2
"/home/roman/Desktop/P.Magazzino-main/public/scripts/cdn/DataTables/RowGroup-1.1.1/css/rowGroup.foundation.css", "CSS", 0, 0, 0, 0, 17, 0, 0, 0, 4, 21
"/home/roman/Desktop/P.Magazzino-main/public/scripts/cdn/DataTables/RowGroup-1.1.1/css/rowGroup.foundation.min.css", "CSS", 0, 0, 0, 0, 1, 0, 0, 0, 1, 2
"/home/roman/Desktop/P.Magazzino-main/public/scripts/cdn/DataTables/RowGroup-1.1.1/css/rowGroup.jqueryui.css", "CSS", 0, 0, 0, 0, 17, 0, 0, 0, 4, 21
"/home/roman/Desktop/P.Magazzino-main/public/scripts/cdn/DataTables/RowGroup-1.1.1/css/rowGroup.jqueryui.min.css", "CSS", 0, 0, 0, 0, 1, 0, 0, 0, 1, 2
"/home/roman/Desktop/P.Magazzino-main/public/scripts/cdn/DataTables/RowGroup-1.1.1/css/rowGroup.semanticui.css", "CSS", 0, 0, 0, 0, 17, 0, 0, 0, 4, 21
"/home/roman/Desktop/P.Magazzino-main/public/scripts/cdn/DataTables/RowGroup-1.1.1/css/rowGroup.semanticui.min.css", "CSS", 0, 0, 0, 0, 1, 0, 0, 0, 1, 2
"/home/roman/Desktop/P.Magazzino-main/public/scripts/cdn/DataTables/RowGroup-1.1.1/js/dataTables.rowGroup.js", "JavaScript", 0, 0, 249, 0, 0, 0, 0, 141, 83, 473
"/home/roman/Desktop/P.Magazzino-main/public/scripts/cdn/DataTables/RowGroup-1.1.1/js/dataTables.rowGroup.min.js", "JavaScript", 0, 0, 11, 0, 0, 0, 0, 14, 1, 26
"/home/roman/Desktop/P.Magazzino-main/public/scripts/cdn/DataTables/RowGroup-1.1.1/js/rowGroup.bootstrap.js", "JavaScript", 0, 0, 26, 0, 0, 0, 0, 6, 6, 38
"/home/roman/Desktop/P.Magazzino-main/public/scripts/cdn/DataTables/RowGroup-1.1.1/js/rowGroup.bootstrap.min.js", "JavaScript", 0, 0, 1, 0, 0, 0, 0, 4, 1, 6
"/home/roman/Desktop/P.Magazzino-main/public/scripts/cdn/DataTables/RowGroup-1.1.1/js/rowGroup.bootstrap4.js", "JavaScript", 0, 0, 26, 0, 0, 0, 0, 6, 6, 38
"/home/roman/Desktop/P.Magazzino-main/public/scripts/cdn/DataTables/RowGroup-1.1.1/js/rowGroup.bootstrap4.min.js", "JavaScript", 0, 0, 1, 0, 0, 0, 0, 4, 1, 6
"/home/roman/Desktop/P.Magazzino-main/public/scripts/cdn/DataTables/RowGroup-1.1.1/js/rowGroup.dataTables.js", "JavaScript", 0, 0, 26, 0, 0, 0, 0, 6, 6, 38
"/home/roman/Desktop/P.Magazzino-main/public/scripts/cdn/DataTables/RowGroup-1.1.1/js/rowGroup.foundation.js", "JavaScript", 0, 0, 26, 0, 0, 0, 0, 6, 6, 38
"/home/roman/Desktop/P.Magazzino-main/public/scripts/cdn/DataTables/RowGroup-1.1.1/js/rowGroup.foundation.min.js", "JavaScript", 0, 0, 1, 0, 0, 0, 0, 4, 1, 6
"/home/roman/Desktop/P.Magazzino-main/public/scripts/cdn/DataTables/RowGroup-1.1.1/js/rowGroup.jqueryui.js", "JavaScript", 0, 0, 26, 0, 0, 0, 0, 6, 6, 38
"/home/roman/Desktop/P.Magazzino-main/public/scripts/cdn/DataTables/RowGroup-1.1.1/js/rowGroup.jqueryui.min.js", "JavaScript", 0, 0, 1, 0, 0, 0, 0, 4, 1, 6
"/home/roman/Desktop/P.Magazzino-main/public/scripts/cdn/DataTables/RowGroup-1.1.1/js/rowGroup.semanicui.js", "JavaScript", 0, 0, 0, 0, 0, 0, 0, 0, 1, 1
"/home/roman/Desktop/P.Magazzino-main/public/scripts/cdn/DataTables/RowGroup-1.1.1/js/rowGroup.semanticui.js", "JavaScript", 0, 0, 26, 0, 0, 0, 0, 6, 6, 38
"/home/roman/Desktop/P.Magazzino-main/public/scripts/cdn/DataTables/RowGroup-1.1.1/js/rowGroup.semanticui.min.js", "JavaScript", 0, 0, 1, 0, 0, 0, 0, 4, 1, 6
"/home/roman/Desktop/P.Magazzino-main/public/scripts/cdn/DataTables/RowReorder-1.2.6/css/rowReorder.bootstrap.css", "CSS", 0, 0, 0, 0, 19, 0, 0, 0, 4, 23
"/home/roman/Desktop/P.Magazzino-main/public/scripts/cdn/DataTables/RowReorder-1.2.6/css/rowReorder.bootstrap.min.css", "CSS", 0, 0, 0, 0, 1, 0, 0, 0, 1, 2
"/home/roman/Desktop/P.Magazzino-main/public/scripts/cdn/DataTables/RowReorder-1.2.6/css/rowReorder.bootstrap4.css", "CSS", 0, 0, 0, 0, 19, 0, 0, 0, 4, 23
"/home/roman/Desktop/P.Magazzino-main/public/scripts/cdn/DataTables/RowReorder-1.2.6/css/rowReorder.bootstrap4.min.css", "CSS", 0, 0, 0, 0, 1, 0, 0, 0, 1, 2
"/home/roman/Desktop/P.Magazzino-main/public/scripts/cdn/DataTables/RowReorder-1.2.6/css/rowReorder.dataTables.css", "CSS", 0, 0, 0, 0, 19, 0, 0, 0, 4, 23
"/home/roman/Desktop/P.Magazzino-main/public/scripts/cdn/DataTables/RowReorder-1.2.6/css/rowReorder.dataTables.min.css", "CSS", 0, 0, 0, 0, 1, 0, 0, 0, 1, 2
"/home/roman/Desktop/P.Magazzino-main/public/scripts/cdn/DataTables/RowReorder-1.2.6/css/rowReorder.foundation.css", "CSS", 0, 0, 0, 0, 19, 0, 0, 0, 4, 23
"/home/roman/Desktop/P.Magazzino-main/public/scripts/cdn/DataTables/RowReorder-1.2.6/css/rowReorder.foundation.min.css", "CSS", 0, 0, 0, 0, 1, 0, 0, 0, 1, 2
"/home/roman/Desktop/P.Magazzino-main/public/scripts/cdn/DataTables/RowReorder-1.2.6/css/rowReorder.jqueryui.css", "CSS", 0, 0, 0, 0, 19, 0, 0, 0, 4, 23
"/home/roman/Desktop/P.Magazzino-main/public/scripts/cdn/DataTables/RowReorder-1.2.6/css/rowReorder.jqueryui.min.css", "CSS", 0, 0, 0, 0, 1, 0, 0, 0, 1, 2
"/home/roman/Desktop/P.Magazzino-main/public/scripts/cdn/DataTables/RowReorder-1.2.6/css/rowReorder.semanticui.css", "CSS", 0, 0, 0, 0, 19, 0, 0, 0, 4, 23
"/home/roman/Desktop/P.Magazzino-main/public/scripts/cdn/DataTables/RowReorder-1.2.6/css/rowReorder.semanticui.min.css", "CSS", 0, 0, 0, 0, 1, 0, 0, 0, 1, 2
"/home/roman/Desktop/P.Magazzino-main/public/scripts/cdn/DataTables/RowReorder-1.2.6/js/dataTables.rowReorder.js", "JavaScript", 0, 0, 436, 0, 0, 0, 0, 256, 128, 820
"/home/roman/Desktop/P.Magazzino-main/public/scripts/cdn/DataTables/RowReorder-1.2.6/js/dataTables.rowReorder.min.js", "JavaScript", 0, 0, 17, 0, 0, 0, 0, 14, 1, 32
"/home/roman/Desktop/P.Magazzino-main/public/scripts/cdn/DataTables/RowReorder-1.2.6/js/rowReorder.bootstrap.js", "JavaScript", 0, 0, 26, 0, 0, 0, 0, 6, 6, 38
"/home/roman/Desktop/P.Magazzino-main/public/scripts/cdn/DataTables/RowReorder-1.2.6/js/rowReorder.bootstrap.min.js", "JavaScript", 0, 0, 1, 0, 0, 0, 0, 4, 1, 6
"/home/roman/Desktop/P.Magazzino-main/public/scripts/cdn/DataTables/RowReorder-1.2.6/js/rowReorder.bootstrap4.js", "JavaScript", 0, 0, 26, 0, 0, 0, 0, 6, 6, 38
"/home/roman/Desktop/P.Magazzino-main/public/scripts/cdn/DataTables/RowReorder-1.2.6/js/rowReorder.bootstrap4.min.js", "JavaScript", 0, 0, 1, 0, 0, 0, 0, 4, 1, 6
"/home/roman/Desktop/P.Magazzino-main/public/scripts/cdn/DataTables/RowReorder-1.2.6/js/rowReorder.dataTables.js", "JavaScript", 0, 0, 26, 0, 0, 0, 0, 6, 6, 38
"/home/roman/Desktop/P.Magazzino-main/public/scripts/cdn/DataTables/RowReorder-1.2.6/js/rowReorder.foundation.js", "JavaScript", 0, 0, 26, 0, 0, 0, 0, 6, 6, 38
"/home/roman/Desktop/P.Magazzino-main/public/scripts/cdn/DataTables/RowReorder-1.2.6/js/rowReorder.foundation.min.js", "JavaScript", 0, 0, 1, 0, 0, 0, 0, 4, 1, 6
"/home/roman/Desktop/P.Magazzino-main/public/scripts/cdn/DataTables/RowReorder-1.2.6/js/rowReorder.jqueryui.js", "JavaScript", 0, 0, 26, 0, 0, 0, 0, 6, 6, 38
"/home/roman/Desktop/P.Magazzino-main/public/scripts/cdn/DataTables/RowReorder-1.2.6/js/rowReorder.jqueryui.min.js", "JavaScript", 0, 0, 1, 0, 0, 0, 0, 4, 1, 6
"/home/roman/Desktop/P.Magazzino-main/public/scripts/cdn/DataTables/RowReorder-1.2.6/js/rowReorder.semanticui.js", "JavaScript", 0, 0, 26, 0, 0, 0, 0, 6, 6, 38
"/home/roman/Desktop/P.Magazzino-main/public/scripts/cdn/DataTables/RowReorder-1.2.6/js/rowReorder.semanticui.min.js", "JavaScript", 0, 0, 1, 0, 0, 0, 0, 4, 1, 6
"/home/roman/Desktop/P.Magazzino-main/public/scripts/cdn/DataTables/Scroller-2.0.1/css/scroller.bootstrap.css", "CSS", 0, 0, 0, 0, 35, 0, 0, 0, 2, 37
"/home/roman/Desktop/P.Magazzino-main/public/scripts/cdn/DataTables/Scroller-2.0.1/css/scroller.bootstrap.min.css", "CSS", 0, 0, 0, 0, 1, 0, 0, 0, 1, 2
"/home/roman/Desktop/P.Magazzino-main/public/scripts/cdn/DataTables/Scroller-2.0.1/css/scroller.bootstrap4.css", "CSS", 0, 0, 0, 0, 35, 0, 0, 0, 2, 37
"/home/roman/Desktop/P.Magazzino-main/public/scripts/cdn/DataTables/Scroller-2.0.1/css/scroller.bootstrap4.min.css", "CSS", 0, 0, 0, 0, 1, 0, 0, 0, 1, 2
"/home/roman/Desktop/P.Magazzino-main/public/scripts/cdn/DataTables/Scroller-2.0.1/css/scroller.dataTables.css", "CSS", 0, 0, 0, 0, 32, 0, 0, 0, 1, 33
"/home/roman/Desktop/P.Magazzino-main/public/scripts/cdn/DataTables/Scroller-2.0.1/css/scroller.dataTables.min.css", "CSS", 0, 0, 0, 0, 1, 0, 0, 0, 1, 2
"/home/roman/Desktop/P.Magazzino-main/public/scripts/cdn/DataTables/Scroller-2.0.1/css/scroller.foundation.css", "CSS", 0, 0, 0, 0, 17, 0, 0, 0, 1, 18
"/home/roman/Desktop/P.Magazzino-main/public/scripts/cdn/DataTables/Scroller-2.0.1/css/scroller.foundation.min.css", "CSS", 0, 0, 0, 0, 1, 0, 0, 0, 1, 2
"/home/roman/Desktop/P.Magazzino-main/public/scripts/cdn/DataTables/Scroller-2.0.1/css/scroller.jqueryui.css", "CSS", 0, 0, 0, 0, 32, 0, 0, 0, 1, 33
"/home/roman/Desktop/P.Magazzino-main/public/scripts/cdn/DataTables/Scroller-2.0.1/css/scroller.jqueryui.min.css", "CSS", 0, 0, 0, 0, 1, 0, 0, 0, 1, 2
"/home/roman/Desktop/P.Magazzino-main/public/scripts/cdn/DataTables/Scroller-2.0.1/css/scroller.semanticui.css", "CSS", 0, 0, 0, 0, 32, 0, 0, 0, 1, 33
"/home/roman/Desktop/P.Magazzino-main/public/scripts/cdn/DataTables/Scroller-2.0.1/css/scroller.semanticui.min.css", "CSS", 0, 0, 0, 0, 1, 0, 0, 0, 1, 2
"/home/roman/Desktop/P.Magazzino-main/public/scripts/cdn/DataTables/Scroller-2.0.1/js/dataTables.scroller.js", "JavaScript", 0, 0, 661, 0, 0, 0, 0, 453, 186, 1300
"/home/roman/Desktop/P.Magazzino-main/public/scripts/cdn/DataTables/Scroller-2.0.1/js/dataTables.scroller.min.js", "JavaScript", 0, 0, 24, 0, 0, 0, 0, 14, 1, 39
"/home/roman/Desktop/P.Magazzino-main/public/scripts/cdn/DataTables/Scroller-2.0.1/js/scroller.bootstrap.js", "JavaScript", 0, 0, 26, 0, 0, 0, 0, 6, 6, 38
"/home/roman/Desktop/P.Magazzino-main/public/scripts/cdn/DataTables/Scroller-2.0.1/js/scroller.bootstrap.min.js", "JavaScript", 0, 0, 1, 0, 0, 0, 0, 4, 1, 6
"/home/roman/Desktop/P.Magazzino-main/public/scripts/cdn/DataTables/Scroller-2.0.1/js/scroller.bootstrap4.js", "JavaScript", 0, 0, 26, 0, 0, 0, 0, 6, 6, 38
"/home/roman/Desktop/P.Magazzino-main/public/scripts/cdn/DataTables/Scroller-2.0.1/js/scroller.bootstrap4.min.js", "JavaScript", 0, 0, 1, 0, 0, 0, 0, 4, 1, 6
"/home/roman/Desktop/P.Magazzino-main/public/scripts/cdn/DataTables/Scroller-2.0.1/js/scroller.dataTables.js", "JavaScript", 0, 0, 26, 0, 0, 0, 0, 6, 6, 38
"/home/roman/Desktop/P.Magazzino-main/public/scripts/cdn/DataTables/Scroller-2.0.1/js/scroller.foundation.js", "JavaScript", 0, 0, 26, 0, 0, 0, 0, 6, 6, 38
"/home/roman/Desktop/P.Magazzino-main/public/scripts/cdn/DataTables/Scroller-2.0.1/js/scroller.foundation.min.js", "JavaScript", 0, 0, 1, 0, 0, 0, 0, 4, 1, 6
"/home/roman/Desktop/P.Magazzino-main/public/scripts/cdn/DataTables/Scroller-2.0.1/js/scroller.jqueryui.js", "JavaScript", 0, 0, 26, 0, 0, 0, 0, 6, 6, 38
"/home/roman/Desktop/P.Magazzino-main/public/scripts/cdn/DataTables/Scroller-2.0.1/js/scroller.jqueryui.min.js", "JavaScript", 0, 0, 1, 0, 0, 0, 0, 4, 1, 6
"/home/roman/Desktop/P.Magazzino-main/public/scripts/cdn/DataTables/Scroller-2.0.1/js/scroller.semanicui.js", "JavaScript", 0, 0, 0, 0, 0, 0, 0, 0, 1, 1
"/home/roman/Desktop/P.Magazzino-main/public/scripts/cdn/DataTables/Scroller-2.0.1/js/scroller.semanticui.js", "JavaScript", 0, 0, 26, 0, 0, 0, 0, 6, 6, 38
"/home/roman/Desktop/P.Magazzino-main/public/scripts/cdn/DataTables/Scroller-2.0.1/js/scroller.semanticui.min.js", "JavaScript", 0, 0, 1, 0, 0, 0, 0, 4, 1, 6
"/home/roman/Desktop/P.Magazzino-main/public/scripts/cdn/DataTables/SearchPanes-1.0.1/css/searchPanes.bootstrap.css", "CSS", 0, 0, 0, 0, 219, 0, 0, 0, 16, 235
"/home/roman/Desktop/P.Magazzino-main/public/scripts/cdn/DataTables/SearchPanes-1.0.1/css/searchPanes.bootstrap.min.css", "CSS", 0, 0, 0, 0, 1, 0, 0, 0, 1, 2
"/home/roman/Desktop/P.Magazzino-main/public/scripts/cdn/DataTables/SearchPanes-1.0.1/css/searchPanes.bootstrap4.css", "CSS", 0, 0, 0, 0, 250, 0, 0, 0, 14, 264
"/home/roman/Desktop/P.Magazzino-main/public/scripts/cdn/DataTables/SearchPanes-1.0.1/css/searchPanes.bootstrap4.min.css", "CSS", 0, 0, 0, 0, 1, 0, 0, 0, 1, 2
"/home/roman/Desktop/P.Magazzino-main/public/scripts/cdn/DataTables/SearchPanes-1.0.1/css/searchPanes.dataTables.css", "CSS", 0, 0, 0, 0, 344, 0, 0, 0, 14, 358
"/home/roman/Desktop/P.Magazzino-main/public/scripts/cdn/DataTables/SearchPanes-1.0.1/css/searchPanes.dataTables.min.css", "CSS", 0, 0, 0, 0, 1, 0, 0, 0, 1, 2
"/home/roman/Desktop/P.Magazzino-main/public/scripts/cdn/DataTables/SearchPanes-1.0.1/css/searchPanes.foundation.css", "CSS", 0, 0, 0, 0, 323, 0, 0, 0, 15, 338
"/home/roman/Desktop/P.Magazzino-main/public/scripts/cdn/DataTables/SearchPanes-1.0.1/css/searchPanes.foundation.min.css", "CSS", 0, 0, 0, 0, 1, 0, 0, 0, 1, 2
"/home/roman/Desktop/P.Magazzino-main/public/scripts/cdn/DataTables/SearchPanes-1.0.1/css/searchPanes.jqueryui.css", "CSS", 0, 0, 0, 0, 291, 0, 0, 0, 11, 302
"/home/roman/Desktop/P.Magazzino-main/public/scripts/cdn/DataTables/SearchPanes-1.0.1/css/searchPanes.jqueryui.min.css", "CSS", 0, 0, 0, 0, 1, 0, 0, 0, 1, 2
"/home/roman/Desktop/P.Magazzino-main/public/scripts/cdn/DataTables/SearchPanes-1.0.1/css/searchPanes.semanticui.css", "CSS", 0, 0, 0, 0, 228, 0, 0, 0, 11, 239
"/home/roman/Desktop/P.Magazzino-main/public/scripts/cdn/DataTables/SearchPanes-1.0.1/css/searchPanes.semanticui.min.css", "CSS", 0, 0, 0, 0, 1, 0, 0, 0, 1, 2
"/home/roman/Desktop/P.Magazzino-main/public/scripts/cdn/DataTables/SearchPanes-1.0.1/js/dataTables.searchPanes.js", "JavaScript", 0, 0, 1572, 0, 0, 0, 0, 405, 5, 1982
"/home/roman/Desktop/P.Magazzino-main/public/scripts/cdn/DataTables/SearchPanes-1.0.1/js/dataTables.searchPanes.min.js", "JavaScript", 0, 0, 82, 0, 0, 0, 0, 4, 1, 87
"/home/roman/Desktop/P.Magazzino-main/public/scripts/cdn/DataTables/SearchPanes-1.0.1/js/searchPanes.bootstrap.js", "JavaScript", 0, 0, 55, 0, 0, 0, 0, 3, 1, 59
"/home/roman/Desktop/P.Magazzino-main/public/scripts/cdn/DataTables/SearchPanes-1.0.1/js/searchPanes.bootstrap.min.js", "JavaScript", 0, 0, 3, 0, 0, 0, 0, 0, 1, 4
"/home/roman/Desktop/P.Magazzino-main/public/scripts/cdn/DataTables/SearchPanes-1.0.1/js/searchPanes.bootstrap4.js", "JavaScript", 0, 0, 53, 0, 0, 0, 0, 3, 1, 57
"/home/roman/Desktop/P.Magazzino-main/public/scripts/cdn/DataTables/SearchPanes-1.0.1/js/searchPanes.bootstrap4.min.js", "JavaScript", 0, 0, 3, 0, 0, 0, 0, 0, 1, 4
"/home/roman/Desktop/P.Magazzino-main/public/scripts/cdn/DataTables/SearchPanes-1.0.1/js/searchPanes.dataTables.js", "JavaScript", 0, 0, 28, 0, 0, 0, 0, 3, 1, 32
"/home/roman/Desktop/P.Magazzino-main/public/scripts/cdn/DataTables/SearchPanes-1.0.1/js/searchPanes.dataTables.min.js", "JavaScript", 0, 0, 1, 0, 0, 0, 0, 0, 1, 2
"/home/roman/Desktop/P.Magazzino-main/public/scripts/cdn/DataTables/SearchPanes-1.0.1/js/searchPanes.foundation.js", "JavaScript", 0, 0, 47, 0, 0, 0, 0, 3, 1, 51
"/home/roman/Desktop/P.Magazzino-main/public/scripts/cdn/DataTables/SearchPanes-1.0.1/js/searchPanes.foundation.min.js", "JavaScript", 0, 0, 2, 0, 0, 0, 0, 0, 1, 3
"/home/roman/Desktop/P.Magazzino-main/public/scripts/cdn/DataTables/SearchPanes-1.0.1/js/searchPanes.jqueryui.js", "JavaScript", 0, 0, 36, 0, 0, 0, 0, 3, 1, 40
"/home/roman/Desktop/P.Magazzino-main/public/scripts/cdn/DataTables/SearchPanes-1.0.1/js/searchPanes.jqueryui.min.js", "JavaScript", 0, 0, 2, 0, 0, 0, 0, 0, 1, 3
"/home/roman/Desktop/P.Magazzino-main/public/scripts/cdn/DataTables/SearchPanes-1.0.1/js/searchPanes.semanicui.js", "JavaScript", 0, 0, 0, 0, 0, 0, 0, 0, 1, 1
"/home/roman/Desktop/P.Magazzino-main/public/scripts/cdn/DataTables/SearchPanes-1.0.1/js/searchPanes.semanticui.js", "JavaScript", 0, 0, 46, 0, 0, 0, 0, 4, 1, 51
"/home/roman/Desktop/P.Magazzino-main/public/scripts/cdn/DataTables/SearchPanes-1.0.1/js/searchPanes.semanticui.min.js", "JavaScript", 0, 0, 2, 0, 0, 0, 0, 0, 1, 3
"/home/roman/Desktop/P.Magazzino-main/public/scripts/cdn/DataTables/Select-1.3.1/css/select.bootstrap.css", "CSS", 0, 0, 0, 0, 113, 0, 0, 0, 3, 116
"/home/roman/Desktop/P.Magazzino-main/public/scripts/cdn/DataTables/Select-1.3.1/css/select.bootstrap.min.css", "CSS", 0, 0, 0, 0, 1, 0, 0, 0, 1, 2
"/home/roman/Desktop/P.Magazzino-main/public/scripts/cdn/DataTables/Select-1.3.1/css/select.bootstrap4.css", "CSS", 0, 0, 0, 0, 113, 0, 0, 0, 3, 116
"/home/roman/Desktop/P.Magazzino-main/public/scripts/cdn/DataTables/Select-1.3.1/css/select.bootstrap4.min.css", "CSS", 0, 0, 0, 0, 1, 0, 0, 0, 1, 2
"/home/roman/Desktop/P.Magazzino-main/public/scripts/cdn/DataTables/Select-1.3.1/css/select.dataTables.css", "CSS", 0, 0, 0, 0, 103, 0, 0, 0, 3, 106
"/home/roman/Desktop/P.Magazzino-main/public/scripts/cdn/DataTables/Select-1.3.1/css/select.dataTables.min.css", "CSS", 0, 0, 0, 0, 1, 0, 0, 0, 1, 2
"/home/roman/Desktop/P.Magazzino-main/public/scripts/cdn/DataTables/Select-1.3.1/css/select.foundation.css", "CSS", 0, 0, 0, 0, 115, 0, 0, 0, 3, 118
"/home/roman/Desktop/P.Magazzino-main/public/scripts/cdn/DataTables/Select-1.3.1/css/select.foundation.min.css", "CSS", 0, 0, 0, 0, 1, 0, 0, 0, 1, 2
"/home/roman/Desktop/P.Magazzino-main/public/scripts/cdn/DataTables/Select-1.3.1/css/select.jqueryui.css", "CSS", 0, 0, 0, 0, 103, 0, 0, 0, 3, 106
"/home/roman/Desktop/P.Magazzino-main/public/scripts/cdn/DataTables/Select-1.3.1/css/select.jqueryui.min.css", "CSS", 0, 0, 0, 0, 1, 0, 0, 0, 1, 2
"/home/roman/Desktop/P.Magazzino-main/public/scripts/cdn/DataTables/Select-1.3.1/css/select.semanticui.css", "CSS", 0, 0, 0, 0, 108, 0, 0, 0, 3, 111
"/home/roman/Desktop/P.Magazzino-main/public/scripts/cdn/DataTables/Select-1.3.1/css/select.semanticui.min.css", "CSS", 0, 0, 0, 0, 1, 0, 0, 0, 1, 2
"/home/roman/Desktop/P.Magazzino-main/public/scripts/cdn/DataTables/Select-1.3.1/js/dataTables.select.js", "JavaScript", 0, 0, 743, 0, 0, 0, 0, 263, 201, 1207
"/home/roman/Desktop/P.Magazzino-main/public/scripts/cdn/DataTables/Select-1.3.1/js/dataTables.select.min.js", "JavaScript", 0, 0, 24, 0, 0, 0, 0, 14, 1, 39
"/home/roman/Desktop/P.Magazzino-main/public/scripts/cdn/DataTables/Select-1.3.1/js/select.bootstrap.js", "JavaScript", 0, 0, 26, 0, 0, 0, 0, 6, 6, 38
"/home/roman/Desktop/P.Magazzino-main/public/scripts/cdn/DataTables/Select-1.3.1/js/select.bootstrap.min.js", "JavaScript", 0, 0, 1, 0, 0, 0, 0, 4, 1, 6
"/home/roman/Desktop/P.Magazzino-main/public/scripts/cdn/DataTables/Select-1.3.1/js/select.bootstrap4.js", "JavaScript", 0, 0, 26, 0, 0, 0, 0, 6, 6, 38
"/home/roman/Desktop/P.Magazzino-main/public/scripts/cdn/DataTables/Select-1.3.1/js/select.bootstrap4.min.js", "JavaScript", 0, 0, 1, 0, 0, 0, 0, 4, 1, 6
"/home/roman/Desktop/P.Magazzino-main/public/scripts/cdn/DataTables/Select-1.3.1/js/select.dataTables.js", "JavaScript", 0, 0, 26, 0, 0, 0, 0, 6, 6, 38
"/home/roman/Desktop/P.Magazzino-main/public/scripts/cdn/DataTables/Select-1.3.1/js/select.foundation.js", "JavaScript", 0, 0, 26, 0, 0, 0, 0, 6, 6, 38
"/home/roman/Desktop/P.Magazzino-main/public/scripts/cdn/DataTables/Select-1.3.1/js/select.foundation.min.js", "JavaScript", 0, 0, 1, 0, 0, 0, 0, 4, 1, 6
"/home/roman/Desktop/P.Magazzino-main/public/scripts/cdn/DataTables/Select-1.3.1/js/select.jqueryui.js", "JavaScript", 0, 0, 26, 0, 0, 0, 0, 6, 6, 38
"/home/roman/Desktop/P.Magazzino-main/public/scripts/cdn/DataTables/Select-1.3.1/js/select.jqueryui.min.js", "JavaScript", 0, 0, 1, 0, 0, 0, 0, 4, 1, 6
"/home/roman/Desktop/P.Magazzino-main/public/scripts/cdn/DataTables/Select-1.3.1/js/select.semanticui.js", "JavaScript", 0, 0, 26, 0, 0, 0, 0, 6, 6, 38
"/home/roman/Desktop/P.Magazzino-main/public/scripts/cdn/DataTables/Select-1.3.1/js/select.semanticui.min.js", "JavaScript", 0, 0, 1, 0, 0, 0, 0, 4, 1, 6
"/home/roman/Desktop/P.Magazzino-main/public/scripts/cdn/DataTables/datatables.css", "CSS", 0, 0, 0, 0, 1486, 0, 0, 83, 69, 1638
"/home/roman/Desktop/P.Magazzino-main/public/scripts/cdn/DataTables/datatables.js", "JavaScript", 0, 0, 66758, 0, 0, 0, 0, 21882, 15620, 104260
"/home/roman/Desktop/P.Magazzino-main/public/scripts/cdn/DataTables/datatables.min.css", "CSS", 0, 0, 0, 0, 104, 0, 0, 11, 32, 147
"/home/roman/Desktop/P.Magazzino-main/public/scripts/cdn/DataTables/datatables.min.js", "JavaScript", 0, 0, 605, 0, 0, 0, 0, 199, 44, 848
"/home/roman/Desktop/P.Magazzino-main/public/scripts/cdn/DataTables/date-euro.js", "JavaScript", 0, 0, 21, 0, 0, 0, 0, 22, 6, 49
"/home/roman/Desktop/P.Magazzino-main/public/scripts/cdn/DataTables/italian.json", "JSON", 0, 23, 0, 0, 0, 0, 0, 0, 3, 26
"/home/roman/Desktop/P.Magazzino-main/public/scripts/cdn/DataTables/jQuery-3.3.1/jquery-3.3.1.js", "JavaScript", 0, 0, 6689, 0, 0, 0, 0, 1725, 1951, 10365
"/home/roman/Desktop/P.Magazzino-main/public/scripts/cdn/DataTables/jQuery-3.3.1/jquery-3.3.1.min.js", "JavaScript", 0, 0, 1, 0, 0, 0, 0, 1, 1, 3
"/home/roman/Desktop/P.Magazzino-main/public/scripts/cdn/DataTables/pdfmake-0.1.36/pdfmake.js", "JavaScript", 0, 0, 36452, 0, 0, 0, 0, 6075, 7941, 50468
"/home/roman/Desktop/P.Magazzino-main/public/scripts/cdn/DataTables/pdfmake-0.1.36/pdfmake.min.js", "JavaScript", 0, 0, 1, 0, 0, 0, 0, 2, 1, 4
"/home/roman/Desktop/P.Magazzino-main/public/scripts/cdn/DataTables/pdfmake-0.1.36/vfs_fonts.js", "JavaScript", 0, 0, 6, 0, 0, 0, 0, 0, 0, 6
"/home/roman/Desktop/P.Magazzino-main/public/scripts/cdn/bootstrap-toggle.min.js", "JavaScript", 0, 0, 82, 0, 0, 0, 0, 8, 1, 91
"/home/roman/Desktop/P.Magazzino-main/public/scripts/cdn/bootstrap/js/bootstrap.bundle.js", "JavaScript", 0, 0, 3950, 0, 0, 0, 0, 1339, 1040, 6329
"/home/roman/Desktop/P.Magazzino-main/public/scripts/cdn/bootstrap/js/bootstrap.bundle.min.js", "JavaScript", 0, 0, 1, 0, 0, 0, 0, 6, 0, 7
"/home/roman/Desktop/P.Magazzino-main/public/scripts/cdn/bootstrap/js/bootstrap.js", "JavaScript", 0, 0, 2949, 0, 0, 0, 0, 6, 52, 3007
"/home/roman/Desktop/P.Magazzino-main/public/scripts/cdn/bootstrap/js/bootstrap.min.js", "JavaScript", 0, 0, 1, 0, 0, 0, 0, 6, 0, 7
"/home/roman/Desktop/P.Magazzino-main/public/scripts/cdn/bootstrapnotify/Gruntfile.js", "JavaScript", 0, 0, 34, 0, 0, 0, 0, 1, 3, 38
"/home/roman/Desktop/P.Magazzino-main/public/scripts/cdn/bootstrapnotify/README.md", "Markdown", 0, 0, 0, 0, 0, 109, 0, 0, 29, 138
"/home/roman/Desktop/P.Magazzino-main/public/scripts/cdn/bootstrapnotify/bootstrap-notify.js", "JavaScript", 0, 0, 314, 0, 0, 0, 0, 12, 24, 350
"/home/roman/Desktop/P.Magazzino-main/public/scripts/cdn/bootstrapnotify/bootstrap-notify.min.js", "JavaScript", 0, 0, 1, 0, 0, 0, 0, 1, 0, 2
"/home/roman/Desktop/P.Magazzino-main/public/scripts/cdn/bootstrapnotify/bower.json", "JSON", 0, 27, 0, 0, 0, 0, 0, 0, 1, 28
"/home/roman/Desktop/P.Magazzino-main/public/scripts/cdn/bootstrapnotify/composer.json", "JSON", 0, 27, 0, 0, 0, 0, 0, 0, 0, 27
"/home/roman/Desktop/P.Magazzino-main/public/scripts/cdn/bootstrapnotify/dist/bootstrap-notify.js", "JavaScript", 0, 0, 314, 0, 0, 0, 0, 12, 24, 350
"/home/roman/Desktop/P.Magazzino-main/public/scripts/cdn/bootstrapnotify/dist/bootstrap-notify.min.js", "JavaScript", 0, 0, 1, 0, 0, 0, 0, 1, 0, 2
"/home/roman/Desktop/P.Magazzino-main/public/scripts/cdn/bootstrapnotify/jshintrc.json", "JSON", 0, 24, 0, 0, 0, 0, 0, 0, 3, 27
"/home/roman/Desktop/P.Magazzino-main/public/scripts/cdn/bootstrapnotify/package.js", "JavaScript", 0, 0, 16, 0, 0, 0, 0, 0, 4, 20
"/home/roman/Desktop/P.Magazzino-main/public/scripts/cdn/bootstrapnotify/package.json", "JSON", 0, 41, 0, 0, 0, 0, 0, 0, 1, 42
"/home/roman/Desktop/P.Magazzino-main/public/scripts/cdn/bootstrapnotify/test_meteor.js", "JavaScript", 0, 0, 3, 0, 0, 0, 0, 0, 1, 4
"/home/roman/Desktop/P.Magazzino-main/public/scripts/cdn/chart.js", "JavaScript", 0, 0, 1, 0, 0, 0, 0, 6, 1, 8
"/home/roman/Desktop/P.Magazzino-main/public/scripts/cdn/chartjs-plugin-annotation.js", "JavaScript", 0, 0, 748, 0, 0, 0, 0, 61, 120, 929
"/home/roman/Desktop/P.Magazzino-main/public/scripts/cdn/daterangepicker.js", "JavaScript", 0, 0, 49, 0, 0, 0, 0, 0, 4, 53
"/home/roman/Desktop/P.Magazzino-main/public/scripts/cdn/daterangepicker.min.js", "JavaScript", 0, 0, 413, 0, 0, 0, 0, 7, 0, 420
"/home/roman/Desktop/P.Magazzino-main/public/scripts/cdn/gauge.js", "JavaScript", 0, 0, 891, 0, 0, 0, 0, 2, 99, 992
"/home/roman/Desktop/P.Magazzino-main/public/scripts/cdn/integram.js", "JavaScript", 0, 0, 990, 0, 0, 0, 0, 0, 58, 1048
"/home/roman/Desktop/P.Magazzino-main/public/scripts/cdn/jquery-3.5.1.js", "JavaScript", 0, 0, 6906, 0, 0, 0, 0, 1890, 2077, 10873
"/home/roman/Desktop/P.Magazzino-main/public/scripts/cdn/loader.js", "JavaScript", 0, 0, 86, 0, 0, 0, 0, 8, 1, 95
"/home/roman/Desktop/P.Magazzino-main/public/scripts/cdn/moment-duration-format.min.js", "JavaScript", 0, 0, 1, 0, 0, 0, 0, 0, 1, 2
"/home/roman/Desktop/P.Magazzino-main/public/scripts/cdn/moment.js", "JavaScript", 0, 0, 1523, 0, 0, 0, 0, 0, 108, 1631
"/home/roman/Desktop/P.Magazzino-main/public/scripts/cdn/popper.min.js", "JavaScript", 0, 0, 1, 0, 0, 0, 0, 4, 1, 6
"/home/roman/Desktop/P.Magazzino-main/public/scripts/cdn/schede.js", "JavaScript", 0, 0, 13, 0, 0, 0, 0, 0, 1, 14
"/home/roman/Desktop/P.Magazzino-main/public/scripts/cdn/validator.js", "JavaScript", 0, 0, 178, 0, 0, 0, 0, 7, 6, 191
"/home/roman/Desktop/P.Magazzino-main/public\logs\.3202ca1b81f97d7dec3197551adb5c255faff4a0-audit.json", "JSON", 0, 14, 0, 0, 0, 0, 0, 0, 0, 14
"/home/roman/Desktop/P.Magazzino-main/routes/api/APP/richieste/manage.js", "JavaScript", 0, 0, 952, 0, 0, 0, 0, 50, 64, 1066
"/home/roman/Desktop/P.Magazzino-main/routes/api/APP/ubicazioni/inventario.js", "JavaScript", 0, 0, 122, 0, 0, 0, 0, 1, 27, 150
"/home/roman/Desktop/P.Magazzino-main/routes/api/APP/ubicazioni/ubicazioni.js", "JavaScript", 0, 0, 628, 0, 0, 0, 0, 39, 68, 735
"/home/roman/Desktop/P.Magazzino-main/routes/api/APP/users/users_data.js", "JavaScript", 0, 0, 136, 0, 0, 0, 0, 11, 20, 167
"/home/roman/Desktop/P.Magazzino-main/routes/api/MAIL/sollecitocq.js", "JavaScript", 0, 0, 45, 0, 0, 0, 0, 3, 10, 58
"/home/roman/Desktop/P.Magazzino-main/routes/api/MES/manage/richieste.js", "JavaScript", 0, 0, 684, 0, 0, 0, 0, 43, 93, 820
"/home/roman/Desktop/P.Magazzino-main/routes/api/MES/manage/ubicazioni.js", "JavaScript", 0, 0, 22, 0, 0, 0, 0, 1, 4, 27
"/home/roman/Desktop/P.Magazzino-main/routes/api/MES/mard.js", "JavaScript", 0, 0, 46, 0, 0, 0, 0, 14, 4, 64
"/home/roman/Desktop/P.Magazzino-main/routes/api/codicifissi.js", "JavaScript", 0, 0, 70, 0, 0, 0, 0, 4, 11, 85
"/home/roman/Desktop/P.Magazzino-main/routes/api/sap_data.js", "JavaScript", 0, 0, 201, 0, 0, 0, 0, 5, 12, 218
"/home/roman/Desktop/P.Magazzino-main/routes/api/test.js", "JavaScript", 0, 0, 172, 0, 0, 0, 0, 3, 28, 203
"/home/roman/Desktop/P.Magazzino-main/routes/extensions/logger.js", "JavaScript", 0, 0, 50, 0, 0, 0, 0, 2, 9, 61
"/home/roman/Desktop/P.Magazzino-main/routes/extensions/logmovimenti.js", "JavaScript", 0, 0, 51, 0, 0, 0, 0, 11, 9, 71
"/home/roman/Desktop/P.Magazzino-main/routes/extensions/nodemailer.js", "JavaScript", 0, 0, 24, 0, 0, 0, 0, 1, 9, 34
"/home/roman/Desktop/P.Magazzino-main/routes/index.js", "JavaScript", 0, 0, 79, 0, 0, 0, 0, 2, 16, 97
"/home/roman/Desktop/P.Magazzino-main/routes/jobs/updatestock.js", "JavaScript", 0, 0, 110, 0, 0, 0, 0, 1, 43, 154
"/home/roman/Desktop/P.Magazzino-main/routes/main.js", "JavaScript", 0, 0, 105, 0, 0, 0, 0, 0, 8, 113
"/home/roman/Desktop/P.Magazzino-main/routes/movimenti.js", "JavaScript", 0, 0, 72, 0, 0, 0, 0, 1, 10, 83
"/home/roman/Desktop/P.Magazzino-main/routes/richieste.js", "JavaScript", 0, 0, 99, 0, 0, 0, 0, 0, 10, 109
"/home/roman/Desktop/P.Magazzino-main/routes/sap.js", "JavaScript", 0, 0, 3, 0, 0, 0, 0, 0, 1, 4
"/home/roman/Desktop/P.Magazzino-main/routes/tutto.js", "JavaScript", 0, 0, 275, 0, 0, 0, 0, 3, 24, 302
"/home/roman/Desktop/P.Magazzino-main/routes/ubicazione.js", "JavaScript", 0, 0, 232, 0, 0, 0, 0, 0, 22, 254
"/home/roman/Desktop/P.Magazzino-main/routes/users.js", "JavaScript", 0, 0, 279, 0, 0, 0, 0, 3, 31, 313
"/home/roman/Desktop/P.Magazzino-main/routes/zmat.js", "JavaScript", 0, 0, 3, 0, 0, 0, 0, 0, 2, 5
"/home/roman/Desktop/P.Magazzino-main/views/api/CODICI_FISSI/fissi.ejs", "HTML", 0, 0, 0, 168, 0, 0, 0, 0, 11, 179
"/home/roman/Desktop/P.Magazzino-main/views/api/MAIL/sollecitocq.ejs", "HTML", 0, 0, 0, 172, 0, 0, 0, 0, 10, 182
"/home/roman/Desktop/P.Magazzino-main/views/back.ejs", "HTML", 0, 0, 0, 427, 0, 0, 0, 12, 39, 478
"/home/roman/Desktop/P.Magazzino-main/views/include/main/modals/modal_inserimento.ejs", "HTML", 0, 0, 0, 300, 0, 0, 0, 4, 17, 321
"/home/roman/Desktop/P.Magazzino-main/views/include/main/modals/modal_istruzioni.ejs", "HTML", 0, 0, 0, 28, 0, 0, 0, 1, 3, 32
"/home/roman/Desktop/P.Magazzino-main/views/include/main/scripts/datatable.ejs", "HTML", 0, 0, 0, 36, 0, 0, 0, 0, 0, 36
"/home/roman/Desktop/P.Magazzino-main/views/include/main/scripts/delete_ubicazione.ejs", "HTML", 0, 0, 0, 50, 0, 0, 0, 0, 4, 54
"/home/roman/Desktop/P.Magazzino-main/views/include/main/scripts/update_ubicazione.ejs", "HTML", 0, 0, 0, 49, 0, 0, 0, 0, 2, 51
"/home/roman/Desktop/P.Magazzino-main/views/interomagazzino/tutto.ejs", "HTML", 0, 0, 0, 503, 0, 0, 0, 2, 28, 533
"/home/roman/Desktop/P.Magazzino-main/views/inventario/tutto_sommato.ejs", "HTML", 0, 0, 0, 86, 0, 0, 0, 0, 5, 91
"/home/roman/Desktop/P.Magazzino-main/views/listadiprelievo.ejs", "HTML", 0, 0, 0, 2, 0, 0, 0, 0, 0, 2
"/home/roman/Desktop/P.Magazzino-main/views/login.ejs", "HTML", 0, 0, 0, 61, 0, 0, 0, 19, 10, 90
"/home/roman/Desktop/P.Magazzino-main/views/mail.ejs", "HTML", 0, 0, 0, 198, 0, 0, 0, 0, 9, 207
"/home/roman/Desktop/P.Magazzino-main/views/mail_esaurito.ejs", "HTML", 0, 0, 0, 194, 0, 0, 0, 0, 9, 203
"/home/roman/Desktop/P.Magazzino-main/views/main.ejs", "HTML", 0, 0, 0, 427, 0, 0, 0, 12, 39, 478
"/home/roman/Desktop/P.Magazzino-main/views/movimenti.ejs", "HTML", 0, 0, 0, 131, 0, 0, 0, 0, 7, 138
"/home/roman/Desktop/P.Magazzino-main/views/parziali/error.ejs", "HTML", 0, 0, 0, 140, 0, 0, 0, 0, 17, 157
"/home/roman/Desktop/P.Magazzino-main/views/parziali/footer.ejs", "HTML", 0, 0, 0, 20, 0, 0, 0, 0, 1, 21
"/home/roman/Desktop/P.Magazzino-main/views/parziali/header.ejs", "HTML", 0, 0, 0, 27, 0, 0, 0, 0, 8, 35
"/home/roman/Desktop/P.Magazzino-main/views/parziali/loadingscreen.ejs", "HTML", 0, 0, 0, 15, 0, 0, 0, 0, 4, 19
"/home/roman/Desktop/P.Magazzino-main/views/parziali/navbar.ejs", "HTML", 0, 0, 0, 94, 0, 0, 0, 0, 10, 104
"/home/roman/Desktop/P.Magazzino-main/views/parziali/notifications.ejs", "HTML", 0, 0, 0, 60, 0, 0, 0, 0, 2, 62
"/home/roman/Desktop/P.Magazzino-main/views/richieste.ejs", "HTML", 0, 0, 0, 521, 0, 0, 0, 1, 37, 559
"/home/roman/Desktop/P.Magazzino-main/views/sap.ejs", "HTML", 0, 0, 0, 217, 0, 0, 0, 1, 8, 226
"/home/roman/Desktop/P.Magazzino-main/views/singolo_articolo.ejs", "HTML", 0, 0, 0, 490, 0, 0, 0, 2, 33, 525
"/home/roman/Desktop/P.Magazzino-main/views/users/partials/ModalDeleteUser.ejs", "HTML", 0, 0, 0, 61, 0, 0, 0, 0, 3, 64
"/home/roman/Desktop/P.Magazzino-main/views/users/partials/ModalEditUser.ejs", "HTML", 0, 0, 0, 105, 0, 0, 0, 0, 6, 111
"/home/roman/Desktop/P.Magazzino-main/views/users/partials/ModalPassUser.ejs", "HTML", 0, 0, 0, 85, 0, 0, 0, 0, 3, 88
"/home/roman/Desktop/P.Magazzino-main/views/users/partials/datatable.ejs", "HTML", 0, 0, 0, 55, 0, 0, 0, 0, 0, 55
"/home/roman/Desktop/P.Magazzino-main/views/users/partials/modalAddUser.ejs", "HTML", 0, 0, 0, 79, 0, 0, 0, 0, 9, 88
"/home/roman/Desktop/P.Magazzino-main/views/users/users.ejs", "HTML", 0, 0, 0, 118, 0, 0, 0, 0, 9, 127
"/home/roman/Desktop/P.Magazzino-main/views/users/warehouses.ejs", "HTML", 0, 0, 0, 147, 0, 0, 0, 0, 13, 160
"Total", "-", 4, 5166, 162168, 5066, 20150, 109, 154, 48888, 38449, 280154